domain,saas,pbn,checked
platotech.com,,,
grm.digital,,,
skiff.com,,,
xduce.com,,,
2krew.com,,,
tripleseat.com,,,
niswey.com,,,
cloudlytics.com,,,
qckbot.com,,,
aware.com,,,
imazing.com,,,
realsubscribers.com,,,
accelone.com,,,
accusourcehr.com,,,
securityinformed.com,,,
adaptiva.com,,,
airit.co.uk,,,
visitalbuquerque.org,,,
amcrest.com,,,
appslure.com,,,
array.com,,,
associationsnow.com,,,
acc.com,,,
axonsoftware.com,,,
basindesign.com,,,
bridge2business.in,,,
bnamericas.com,,,
creatorscripts.com,,,
celent.com,,,
challenge.org,,,
chittlesoft.com,,,
cieden.com,,,
cifas.org.uk,,,
ciobulletin.com,,,
clarity.fm,,,
clearrisk.com,,,
cbna.com,,,
concurrency.com,,,
consagous.co,,,
controlcase.com,,,
copify.com,,,
gocorptech.com,,,
toolprime.com,,,
cyberpilot.io,,,
d-tools.com,,,
databaseusa.com,,,
delegated.com,,,
derrick.dk,,,
designerpeople.com,,,
digitalinspiration.com,,,
eginnovations.com,,,
evoluted.net,,,
ezlocal.com,,,
fieldaware.com,,,
firstediting.com,,,
fmis.co.uk,,,
foonkiemonkey.co.uk,,,
gaintools.com,,,
gamixlabs.com,,,
globalmarketestimates.com,,,
globaldev.tech,,,
gpt3demo.com,,,
hi-texsolutions.com,,,
hitedigital.com,,,
acolad.com,,,
hrsolutions-uk.com,,,
hsecontractors.com,,,
hughesmedia.us,,,
identiv.com,,,
infinitalab.com,,,
iovox.com,,,
ironnet.com,,,
itmattersinc.com,,,
lobbytrack.com,,,
kitces.com,,,
getreskilled.com,,,
limitlesstechnology.com,,,
loopcontactsolutions.com,,,
marginwheeler.com,,,
memcyco.com,,,
menlosecurity.com,,,
cpafirmnyc.com,,,
mauriziolacava.com,,,
mochahost.com,,,
mtmrecognition.com,,,
mybroadband.co.za,,,
neovera.com,,,
ngnetserv.com,,,
nexor.com,,,
nutcrackeragency.com,,,
darkowl.com,,,
ontargit.com,,,
pageuppeople.com,,,
paxton-access.com,,,
ph-creative.com,,,
plannthat.com,,,
quadlayers.com,,,
remerge.io,,,
reputationdefender.com,,,
researchamericainc.com,,,
rivalmind.com,,,
rosalind.bio,,,
sap-press.com,,,
sceptermarketing.com,,,
sec-consult.com,,,
securityforeveryone.com,,,
securitymetrics.com,,,
sefe-mt.com,,,
softtik.com,,,
spektrix.com,,,
strategicinsights.com,,,
compliance.com,,,
telecomsworld.com,,,
pragprog.com,,,
scarlettcybersecurity.com,,,
securitytexas.com,,,
futurumgroup.com,,,
tonjoo.com,,,
ultraconsultants.com,,,
union.co,,,
ue.org,,,
uptempo.io,,,
verbolabs.com,,,
veritis.com,,,
videomaker.com,,,
winmagic.com,,,
wordtracker.com,,,
workativ.com,,,
xovi.com,,,
yourtechteam.com,,,
zorka.agency,,,
redi2.com,,,
marketplace.huaweicloud.com,,,
tag-group.com,,,
photo-works.net,,,
hnpdftools.com,,,
eds-international.com,,,
willowdaleequity.com,,,
actalentservices.com,,,
cogtek.co,,,
costengineering.eu,,,
legacy-photolab.com,,,
lucamussari.com,,,
masterstart.com,,,
my.billdu.com,,,
strategicaccounts.org,,,
hearstdms.com,,,
alcortech.com,,,
arthonsys.com,,,
bemaservices.com,,,
bhfcu.com,,,
creatives.me,,,
crestinfotech.com,,,
crystalmediaco.com,,,
developeronrent.com,,,
eilglobal.com.au,,,
gbw.solutions,,,
gate6.com,,,
hotellinksolutions.com,,,
hungerford.tech,,,
ideasunlimitedonline.com,,,
iffort.com,,,
issivs.com,,,
itoc.com.au,,,
itsmgroup.com,,,
jivesmedia.com,,,
logochemist.com,,,
mktgessentials.com,,,
nexmind.ai,,,
perrill.com,,,
prms.com,,,
pronixinc.com,,,
smarter-ecommerce.com,,,
smartsurvey.com,,,
sstechsystem.com,,,
strongqa.com,,,
techforceglobal.com,,,
thehopefactory.com,,,
scyllagroup.com,,,
telstaffing.com,,,
trafiki-ecommerce.com,,,
unifycloud.com,,,
verasafe.com,,,
vsplash.com,,,
webreinvent.com,,,
theserviceprogram.com,,,
wsmcompass.com,,,
woosper.com,,,
redp.org,,,
expeed.com,,,
quadrant-solutions.com,,,
brandquantum.com,,,
marello.com,,,
satmetrix.com,,,
designexplainer.com,,,
hyreo.com,,,
eazyproject.net,,,
ameniti.com,,,
fiorano.com,,,
designinc.co.uk,,,
1cloudhub.com,,,
1xinternet.de,,,
zweiggroup.com,,,
applearn.com,,,
uriux.com,,,
isoc.net,,,
optis.com,,,
provisiopartners.com,,,
eastcoastriskmanagement.com,,,
fully-verified.com,,,
tanda.co,,,
2b-advice.com,,,
absyz.com,,,
c-zentrix.com,,,
release.works,,,
360direct.com,,,
360-systems.com,,,
360logica.com,,,
zarla.com,,,
workplaces.org,,,
contentools.com,,,
datafortune.com,,,
3columns.io,,,
3plsystems.com,,,
3radical.com,,,
3rp.com,,,
languagepeople.com,,,
omeda.com,,,
hyresnap.com,,,
topsec.com,,,
5controls.com,,,
cp-advisors.com,,,
simio.com,,,
exomindset.co,,,
700apps.com,,,
easy-expense.com,,,
75way.com,,,
kkpcanada.ca,,,
micrositsolutions.com,,,
chamoycreative.com,,,
9sleek.com,,,
a5corp.com,,,
aaravsolutions.com,,,
abamobile.com,,,
abaxsoft.com,,,
ahg.com,,,
abelimray.com,,,
abilitycommerce.com,,,
absolute-performance.com,,,
acceleratedanalytics.com,,,
accelirate.com,,,
accessibility-services.com,,,
accesslex.org,,,
acclaro.com,,,
accolade.fi,,,
asu-llc.com,,,
accountingware.com,,,
accrafab.com,,,
acnsol.com,,,
accrevent.com,,,
accruepartners.com,,,
acctbusol.com,,,
accutive.com,,,
actionforcesecurity.com,,,
actoscript.com,,,
acuitilabs.com,,,
acuitytech.com,,,
acutweb.com,,,
acxiom.co.uk,,,
adaptive.co.uk,,,
adaptivedge.com,,,
adcetera.com,,,
addaxcrm.com,,,
ioconverters.com,,,
adicio.com,,,
adnet.us,,,
adpr.co.uk,,,
ecommercemarketingpodcast.com,,,
advancedrepair.co.uk,,,
asdsoftware.com,,,
advisionit.com,,,
advenser.com,,,
advesa.com,,,
advisicon.com,,,
aegas.io,,,
aeiconsultants.com,,,
aekot.com,,,
affilae.com,,,
affinityassociates.com,,,
affordic.io,,,
useafs.com,,,
agencymavericks.com,,,
agilefleet.com,,,
agileassets.com,,,
agilepoint.com,,,
agile.software,,,
agileverify.com,,,
agreementexpress.com,,,
aifpms.com,,,
aimpointdigital.com,,,
aircomfort.com,,,
akira-tech.com,,,
akscellenceinfo.com,,,
aktivsoftware.com,,,
akumina.com,,,
alacergroup.com,,,
alfaconnections.com,,,
allenbarron.com,,,
alliancesoftware.com.au,,,
alliancetek.com,,,
alliedinfoline.com,,,
timmarsh.co.uk,,,
khelotech.com,,,
allwin-solutions.com,,,
alphamechanicalservice.com,,,
alphainventor.com,,,
alphalogix.co.uk,,,
alpharithm.com,,,
alshafak.com,,,
altitudeaccelerator.ca,,,
alvao.com,,,
alwayservices.com,,,
amaxra.com,,,
ambitsoftware.com,,,
ameri100.com,,,
americanbanksystems.com,,,
atsi.in,,,
americanunit.com,,,
amitechgrp.com,,,
amnetdigital.com,,,
therapypms.com,,,
amsgroupusa.com,,,
anavcloudsoftwares.com,,,
propertymanagement.com,,,
andovar.com,,,
anwol-tools.com,,,
antdata.eu,,,
antea.tech,,,
anytask.com,,,
logoacer.com,,,
apercu.biz,,,
aperia.com,,,
apex-consultant.com,,,
apextechinc.com,,,
api-marketing.com,,,
apiplatform.io,,,
apiture.com,,,
apogeemsp.com,,,
appsentinels.ai,,,
appentus.com,,,
appleconverter.com,,,
assignable.io,,,
apser.es,,,
argela.com.tr,,,
demanddigital.ie,,,
aristotleconsultancy.com,,,
arkusnexus.com,,,
arnia.com,,,
arrayasolutions.com,,,
arreva.com,,,
artxpro.com,,,
arysontechnologies.com,,,
ascendcloudsolutions.com,,,
ascendingdc.com,,,
ascertia.com,,,
ascgroup.in,,,
asgct.com,,,
faqtoids.com,,,
asmws.com,,,
aspenmediallc.com,,,
aspena.com,,,
aspiretransforms.com,,,
aspiresoftserv.com,,,
aspiriant.com,,,
assemblysoftware.com,,,
astreca.com,,,
athinfosys.com,,,
atlasps.com,,,
bitdatarecovery.com,,,
atreyaassociates.com,,,
attacconsulting.com,,,
socreports.com,,,
auto-master.com,,,
autoclerk.com,,,
autorox.co,,,
avalith.net,,,
avercast.com,,,
avidclan.com,,,
aware7.com,,,
awebdigital.co,,,
axcelerate.com.au,,,
axiaconsulting.net,,,
axiasinc.com,,,
axio.com,,,
axis-ai.com,,,
axsource.com,,,
axxonsoft.com,,,
writemaps.com,,,
babelquest.co.uk,,,
backstopsolutions.com,,,
bakergoodchild.co.uk,,,
bakotech.pl,,,
balmoraladvisors.com,,,
bammarketingagency.com,,,
barcodegiant.com,,,
bas-ddc.com,,,
baselinker.com,,,
baxture.com,,,
bbdboom.com,,,
bdb.ai,,,
investigations.com,,,
becpg.net,,,
beebotai.com,,,
margincalculator.net,,,
beslogic.com,,,
betaflux.co,,,
beyondtechnology.net,,,
bflowdmebillingsoftware.com,,,
bidbrain.com,,,
biginternetcommerce.com,,,
biggerpicture.agency,,,
linkedinbiogenerator.com,,,
bioprocessintl.com,,,
bitdeal.net,,,
bitrock.it,,,
blackbulltechnosoft.com,,,
blackstoneandcullen.com,,,
blinkops.com,,,
blisswebsolution.com,,,
wibas.com,,,
blueflamethinking.com,,,
blue5green.com,,,
bluetechitservices.com,,,
bluetie.com,,,
bluewhaleapps.com,,,
bluprintx.com,,,
bmlblackbird.com,,,
boardroompr.com,,,
bocabio.com,,,
bodhtree.com,,,
bolt.today,,,
boostmedia.in,,,
boston-consortium.org,,,
boston-unisoft.com,,,
wearebottle.com,,,
boxfusionconsulting.com,,,
bpocenters.com,,,
brtechgeeks.com,,,
brainit.com,,,
brandsurge.io,,,
thebrandid.com,,,
bravenew.agency,,,
brickcontrol.com,,,
bridgesoft.com,,,
brightbytes.net,,,
brightonsecurities.com,,,
brightpinkagency.com,,,
brilliantpos.com,,,
brimit.com,,,
brio.co.in,,,
briskcloudware.com,,,
britenationwide.com,,,
brook.net,,,
brosolutions.net,,,
btobglobal.com,,,
prographers.com,,,
businessbeam.com,,,
bmscentral.com,,,
brsmove.com,,,
bss.com.au,,,
buymax.com,,,
bwpgroup.com,,,
bythepixel.com,,,
c4operations.com,,,
cadgulf.com,,,
cambaycs.com,,,
cambridgemc.com,,,
campaignium.com,,,
campdenbri.co.uk,,,
capcomfcu.org,,,
capitallawreview.org,,,
capstonepartners.com,,,
captainwords.com,,,
cardsource.com,,,
cciconsulting.com,,,
cssgenerator.pl,,,
careporthealth.com,,,
cargoflash.com,,,
carletonmckenna.com,,,
caseypeterson.com,,,
catalogkings.com,,,
cdq.com,,,
editinglife.com,,,
centra.com,,,
centric.events,,,
centrusfinancial.com,,,
centuryks.com,,,
cerconebrown.com,,,
certificationplanner.com,,,
cetastech.com,,,
chameleonis.com,,,
chandlerknowlescpa.com,,,
channelkey.com,,,
charityengine.net,,,
charterglobal.com,,,
chimeratechnologies.com,,,
chocolatevideoproduction.co.uk,,,
e-cigre.org,,,
circularedge.com,,,
truedigitalsecurity.com,,,
citadelnyc.com,,,
appleton.org,,,
ladbs.org,,,
novato.org,,,
san-clemente.org,,,
crctpa.com,,,
claricode.com,,,
clarikagroup.com,,,
clarip.com,,,
clarisco.com,,,
claritypartners.com,,,
clarusco.com,,,
cleverchoice.com,,,
clever-touch.com,,,
clevis.de,,,
clickinsight.ca,,,
digitalmediametrics.com,,,
pegfitzpatrick.com,,,
cloudiqtech.com,,,
cloudsheer.com,,,
cloudtechservices.com,,,
cloudscale365.com,,,
cloudzon.com,,,
cloudzone.io,,,
cmptl.com,,,
coalfirefederal.com,,,
cobweb.com,,,
cocoeventsnyc.com,,,
thecodeaccelerator.com,,,
codebindtechnologies.com,,,
codecrafttech.com,,,
mail-signatures.com,,,
codewave.com,,,
codingbrains.com,,,
codleo.com,,,
collaborative.org,,,
collabware.com,,,
collectivealternative.com,,,
collierpickard.co.uk,,,
colligo.com,,,
gocommand.com,,,
completenetwork.com,,,
payrollservices.net,,,
complianceandrisks.com,,,
concentrus.com,,,
concret.io,,,
conetrix.com,,,
conferencesolutionsinc.com,,,
connect365.io,,,
connectinfosoft.com,,,
constient.com,,,
constor.co.uk,,,
consultingmag.com,,,
contata.com,,,
contentguru.com,,,
contentwriting.net,,,
controlservices.com,,,
gptgames.dev,,,
cool-minds.com,,,
cooperconsulting.com,,,
copierfaxbt.com,,,
copperpodip.com,,,
coreitconsultants.com,,,
corealm.com,,,
cosmonautgroup.com,,,
costelloinc.com,,,
costmg.com,,,
cbmcpa.com,,,
cpisecurity.com,,,
creativedigitalagency.com,,,
creekmoremarketing.com,,,
creosen.com,,,
thegeneralstore.com,,,
crimsonit.com,,,
crmtoolbox.io,,,
websquadron.co.uk,,,
crowcanyon.com,,,
taggenerator.net,,,
crowncomputers.com,,,
cstdata.com,,,
culverservices.com,,,
cvat.ai,,,
cybalt.com,,,
cyberintelligence.in,,,
cyberchasse.com,,,
ctdefense.com,,,
cymune.com,,,
cyntom.com,,,
cyrisma.com,,,
dae.mn,,,
dagital.eu,,,
daisybill.com,,,
dakai.io,,,
danlawinc.com,,,
datadoctor.org,,,
databoxsolutions.com.au,,,
dataction.com,,,
datalynx.net,,,
dataman.in,,,
dtm.io,,,
davevic.com,,,
davidhoward.co.uk,,,
dazonn.com,,,
dedicatted.com,,,
ddimedia.net,,,
dealercenter.com,,,
dealr.cloud,,,
deaninfotech.com,,,
debuggersstudio.com,,,
deevita.com,,,
defteam.com,,,
deftsoft.com,,,
dekra.us,,,
delianet.com,,,
anyconv.com,,,
designdistributors.com,,,
devapo.io,,,
develodesign.co.uk,,,
devlegends.io,,,
devoneducationservices.co.uk,,,
dhc-consulting.com,,,
diffco.us,,,
digibells.in,,,
digitaledge.net,,,
dpathway.com,,,
digitalspec.net,,,
digitechsystems.com,,,
digitilizeweb.com,,,
digiwagon.com,,,
dimiour.io,,,
dimomaint.com,,,
dcisoftware.com,,,
directmail.com,,,
directmail2.com,,,
directnetworksinc.com,,,
distech-controls.com,,,
dsipro.com,,,
teamdls.com,,,
doitwise.com,,,
dooap.com,,,
dorustree.com,,,
dosarrest.com,,,
rebel.com,,,
withintent.com,,,
dnnsoftware.com,,,
dotvik.com,,,
douglascollege.ca,,,
dreyfuss.net,,,
drivestream.com,,,
drlogy.com,,,
dsdinc.com,,,
ducarainfo.com,,,
dukanlay.com,,,
dunbargroup.com,,,
dvirc.org,,,
dynamicagency.com,,,
dynamicconsultantsgroup.com,,,
dynamicquest.com,,,
dynamicrisk.net,,,
dzconnex.com,,,
e-drivetech.com,,,
e-point.com,,,
e-tools.app,,,
eagle1group.com,,,
earnestroi.com,,,
wholegraindigital.com,,,
ebiztrait.com,,,
ecatholic.com,,,
ecfdata.com,,,
echeloncyber.com,,,
ecomchief.com,,,
eddatasolutions.com,,,
xsellco.com,,,
edgewatercpa.com,,,
edmcouncil.org,,,
edanalytics.org,,,
efront.com,,,
ekoios.com,,,
elastic.io,,,
eldermark.com,,,
theexecutiveagency.nz,,,
ele-ment.com,,,
elev8online.co.uk,,,
elevenwriting.com,,,
elixir-solutions.net,,,
toolting.com,,,
emergent360.com,,,
translation.pk,,,
employerscouncil.org,,,
empowerit.com.au,,,
emrgmedia.com,,,
emumba.com,,,
enaviya.com,,,
hellafast.digital,,,
encompassagency.com,,,
encorebusiness.com,,,
engagemedia.com,,,
enlivenhealth.co,,,
ensightsolutions.us,,,
enterprisehealth.com,,,
go2entre.com,,,
envative.com,,,
enventyspartners.com,,,
eheinc.com,,,
envisionblockchain.com,,,
enxoo.com,,,
epnovate.com,,,
erbonsoftware.com,,,
ergos.com,,,
content-marketing-agency.com,,,
esalsolutions.com,,,
eshard.com,,,
estorefactory.com.au,,,
etchasoft.com,,,
eurekasec.com,,,
eversoft.company,,,
evidian.com,,,
evocon.com,,,
evolution-team.net,,,
evolvemkd.com,,,
ewallsolutions.com,,,
examresources.net,,,
joetheitguy.com,,,
excelym.com,,,
exigotech.co,,,
expedient.com,,,
expeditors.com,,,
ezloadertms.com,,,
ezlynx.com,,,
fsiservices.com,,,
facilitydesigns.com,,,
factech.co.in,,,
eventleaf.com,,,
farmerswife.com,,,
fastguardservice.com,,,
getfastreview.com,,,
fbascaleup.com,,,
federatedmedia.com,,,
felgo.com,,,
fieldwork.com,,,
filebound.solutions,,,
finaccle.in,,,
finally.com,,,
finanssivalvonta.fi,,,
fintechnexus.com,,,
firstoptionsoftware.com,,,
fitzroviait.com,,,
flashstart.com,,,
fleetmate.com,,,
fleetster.net,,,
flo.co.uk,,,
customerswhostick.com,,,
fmaaudit.com,,,
fmsinc.com,,,
focuscss.com,,,
fontanaconsulting.com,,,
forcesecurity.com,,,
forepaas.com,,,
foresightcyber.com,,,
fountainheadme.com,,,
thomcraver.com,,,
frazerllp.com,,,
freesoftus.com,,,
frontdesksuite.com,,,
ftf.co,,,
fulcrumbiometrics.com,,,
fulcrumresources.net,,,
fusionfamily.com,,,
futransolutions.com,,,
game-u.com,,,
garritz.com,,,
gavant.com,,,
gbiimpact.com,,,
geekspeakcommerce.com,,,
gitpl.com,,,
geninvo.com,,,
geniusfixers.com,,,
germanedge.com,,,
gpkleg.com,,,
getafixtechnologies.com,,,
get-newton.com,,,
getwebee.com,,,
gfos.com,,,
gfslogistics.com,,,
gilbertsrisksolutions.com,,,
gleematic.com,,,
global-mediator.com,,,
global4net.com,,,
globalsuitesolutions.com,,,
gls-group.com,,,
freeiconspng.com,,,
goflydigital.com,,,
devgold.com,,,
goteso.com,,,
grpl.org,,,
grandmetric.com,,,
grantthornton.fi,,,
grantthorntonni.com,,,
image2edit.com,,,
graphitefinancial.com,,,
graymatter.co.in,,,
greenknightsecurity.com,,,
greenbeanrpo.com,,,
greenboxcapital.com,,,
rowegroup.com,,,
gridly.com,,,
groupdocs.com,,,
growingsaas.com,,,
gtcsys.com,,,
guardianaccess.com,,,
gurtam.com,,,
gururo.com,,,
gowebbaby.com,,,
hhcpaservices.com,,,
hamlynmarketing.com,,,
harbinsme.com,,,
hardwinsoftware.com,,,
564rent.com,,,
harshwal.com,,,
harthickman.com,,,
harvestvi.com,,,
hashtag-ca.com,,,
hatmill.com,,,
haypost.am,,,
hco.com,,,
hedgeguard.com,,,
heliossolutions.co,,,
helmholdt.com,,,
helmsworkshop.com,,,
helmsmantpa.com,,,
accessdatabasecloud.com,,,
hexplora.com,,,
hi-accounting.com,,,
hiddentechies.com,,,
dylanyoung.dev,,,
highpointnetworks.com,,,
hipporello.com,,,
hirematic.com,,,
hiscall.com,,,
hitachi-dps.com,,,
hitrustalliance.net,,,
hlbhamt.com,,,
hokuapps.com,,,
hometownticketing.com,,,
hoodoo.digital,,,
hostmysite.com,,,
hotellinkage.com,,,
hotwaxsystems.com,,,
hound-studio.com,,,
houseofcontrol.com,,,
hr-strategies.com,,,
humanservicescenter.net,,,
evantagestore.com,,,
hvs-consulting.de,,,
hybridheroes.de,,,
hybridlynx.com,,,
hylaine.com,,,
hyphensolutions.com,,,
i-constech.com,,,
i-dgtl.ru,,,
ncr.co.il,,,
i3pd.com,,,
i3solutions.com,,,
i3verticalshealthcare.com,,,
ibcconnect.com,,,
ibos.io,,,
icsystem.com,,,
icscompute.com,,,
idealcomputersystems.com,,,
ideliver-inc.com,,,
ideyalabs.com,,,
ignitionit.com,,,
igxglobal.com,,,
iimjobs.com,,,
imagesoftinc.com,,,
imanilee.com,,,
imc-tm.com,,,
immotionstudios.com,,,
impactmedia.co.uk,,,
inconceptlabs.com,,,
incony.de,,,
ise.io,,,
ingeniux.com,,,
inoday.com,,,
insightinhealth.com,,,
insource.solutions,,,
demand-planning.com,,,
iif.com,,,
sotosocial.com,,,
insurancethoughtleadership.com,,,
intactsoftware.com,,,
intalk.io,,,
integrateagency.com,,,
ict.co,,,
integricom.net,,,
fakeinfo.net,,,
intellemo.ai,,,
intellifysolutions.com,,,
interactiv4.com,,,
interclypse.com,,,
interconnecta.com,,,
attico.io,,,
interscripts.com,,,
intire.nl,,,
inversion6.com,,,
financopedia.co,,,
invixium.com,,,
invoxia.com,,,
ipandlegalfilings.com,,,
iperdesign.com,,,
iqmetrix.com,,,
iqt360.com,,,
isis-papyrus.com,,,
investoreconomics.com,,,
istonish.com,,,
itproactive.com,,,
itservicesindia.com,,,
itc2.net,,,
itecor.com,,,
itesoft.com,,,
itexamcertified.com,,,
itknowledgezone.com,,,
itrsgroup.com,,,
itsavvy.com,,,
itsec.group,,,
ittstar.com,,,
credility.in,,,
iyrix.com,,,
janbask.com,,,
jaybranding.com,,,
jeffparish.net,,,
jeffersonwells.com,,,
jerichowriters.com,,,
jgservices.in,,,
johnsonblock.com,,,
jgacpa.com,,,
jointnetworks.com,,,
jonystudios.com,,,
junespringmultimedia.com,,,
kanakkupillai.com,,,
karthikconsulting.com,,,
skf.com,,,
kaysharbor.com,,,
kdatascience.com,,,
kelleyaustin.com,,,
kelleyconnect.com,,,
kentuckyunderground.com,,,
kevadiya.com,,,
keybusinessglobal.com,,,
kgrnaudit.com,,,
kickrdesign.com,,,
kindlebit.com,,,
expertbookwriters.com,,,
generate-random.org,,,
kings.digital,,,
penguinecommerce.com,,,
kivyo.com,,,
kltranslations.com,,,
klizer.com,,,
kloud9.nyc,,,
knodtec.com,,,
konsise.com,,,
kosbit.net,,,
kovacorp.com,,,
kpims.co.za,,,
kraftkennedy.com,,,
toolshi.com,,,
krasamo.com,,,
krivyco.com,,,
kryptostech.com,,,
kulsys.com,,,
kurogo.co.uk,,,
kwintessential.co.uk,,,
kyoceradocumentsolutions.eu,,,
lab916.com,,,
labelmaster.com,,,
laceupsolutions.com,,,
languageio.com,,,
languagenobar.com,,,
lansweeper.com,,,
laserappraiser.com,,,
latg.com,,,
launchonline.co.uk,,,
lbmctech.com,,,
leadergroup.com,,,
leadlyticslabs.com,,,
leapfrogservices.com,,,
leaphumanx.com,,,
ledelsea.com,,,
winningpc.com,,,
legaldocs.co.in,,,
lenstrapath.com,,,
leverageis.com,,,
lgorithmsolutions.com,,,
libertypayrollhr.com,,,
lifelinedatacenters.com,,,
lightrains.com,,,
lile.com,,,
link-translations.com,,,
loanboss.com,,,
locoia.com,,,
logarithmicsolutions.com,,,
logicworks.com,,,
logik.io,,,
login2design.com,,,
logon-int.com,,,
louisianasbdc.org,,,
lovelytics.com,,,
lumeniaconsulting.com,,,
luminary.com,,,
luminos.software,,,
lupl.com,,,
lustreconsulting.com,,,
luware.com,,,
macintoshdr.com,,,
mahoneycpa.com,,,
main.nl,,,
mainlineprotection.com,,,
mainnerve.com,,,
skydevelopment.org,,,
manfredk.com,,,
manhattaninc.net,,,
manishanilgupta.com,,,
colorpilot.com,,,
mapon.com,,,
marathonus.com,,,
savefrom.to,,,
marrinadecisions.com,,,
matrix-ifs.com,,,
maxwellglobalsoftware.com,,,
mcfenvironmental.com,,,
mdconnectinc.com,,,
mdaudit.com,,,
mdreducation.com,,,
mdvision.net,,,
mecu.com,,,
medallionretail.com,,,
mediquant.com,,,
accountsjunction.com,,,
metaltoad.com,,,
mgsionline.com,,,
miamipropertymanagementllc.com,,,
microstrat.com,,,
microdreamit.com,,,
microwork.dev,,,
milengo.com,,,
fasterseotools.com,,,
gomindsight.com,,,
missioncriticalpartners.com,,,
mitiztechnologies.com,,,
mml.org,,,
mobikode.com,,,
mobilegamedoctor.com,,,
mobinius.com,,,
mohara.co,,,
mojo.biz,,,
mojotech.com,,,
milientsoftware.com,,,
momentumdata.com,,,
monitera.com,,,
monkhub.com,,,
morganrecordsmanagement.com,,,
photo-mosaic.co.uk,,,
motifworks.com,,,
motionsoft.net,,,
foolwealth.com,,,
contentwise.pro,,,
mre-consulting.com,,,
mspc.cpa,,,
mttltd.com,,,
multidataservices.com,,,
myersholum.com,,,
myslajek.com,,,
n2sglobal.com,,,
namopadmavati.com,,,
nanomyt.com,,,
americanreceivable.com,,,
nashvillechamber.com,,,
nationalpositions.com,,,
navco.com,,,
ncheng.com,,,
continuouscare.io,,,
typecast.ai,,,
netbankaudit.com,,,
neteris.com,,,
netgain.tech,,,
nethansa.com,,,
nethris.com,,,
netsetsoftware.com,,,
netvendor.com,,,
netweb.cz,,,
nsgdv.com,,,
nevprobusinesssolutions.com,,,
nygci.com,,,
nexstor.com,,,
nextinymarketing.com,,,
nintriva.com,,,
networkology.com,,,
nolanbusinesssolutions.co.uk,,,
insurancefornonprofits.org,,,
nordicdefender.com,,,
gonorthshore.com,,,
novanetworks.com,,,
uniflowonline.com,,,
nthconsultants.com,,,
ntirety.com,,,
2ldm.com,,,
nuecesco.com,,,
nuemd.com,,,
nuvizz.com,,,
nvizionsolutions.com,,,
nwcu.com,,,
oakwoodsys.com,,,
oakworth.com,,,
oalgroup.com,,,
oasis.solutions,,,
oceantranslations.com,,,
oceanpayment.com,,,
officetelesystems.com,,,
breakdance.com,,,
extendsclass.com,,,
ogd-solutions.com,,,
ohmd.com,,,
okation.ai,,,
thedatapark.com,,,
orgconsultants.com,,,
onthemarcmedia.com,,,
oneecm.com,,,
onelabventures.com,,,
oneplan.ai,,,
onesourceem.com,,,
only-b2b.com,,,
getintoonline.com,,,
onomondo.com,,,
onsitepropertymanager.com,,,
ontegra.com,,,
ot.ru,,,
openbots.ai,,,
optimiser.com,,,
optimumcs.com,,,
orbit.cz,,,
ortecindia.com,,,
origin63.com,,,
orpheus-cyber.com,,,
oscilar.com,,,
otps.com,,,
ours.agency,,,
outliersconsulting.com,,,
outreachfrog.com,,,
ovationdata.com,,,
pacstatesnv.com,,,
pannimanagement.com,,,
paperwise.com,,,
paradigmses.com,,,
pt-corp.com,,,
paragonars.com,,,
paragonsecurityny.com,,,
paragyte.com,,,
paralleldevs.com,,,
paraminfo.com,,,
paramount.tax,,,
parastechnologies.com,,,
parim.co,,,
parkerrusselluae.com,,,
parpro.com,,,
parseq.com,,,
partyperfect.com,,,
pashtek.com,,,
passsecurity.com,,,
passerelledata.com,,,
pathfactory.com,,,
pathguide.com,,,
pathcom.com,,,
pattonlabs.com,,,
sheknowsseo.co,,,
datadetect.com.au,,,
paycoinc.com,,,
paydayhr.com,,,
payem.co,,,
payference.com,,,
payjunction.com,,,
payliance.com,,,
payplug.com,,,
payrollmgt.com,,,
payrollpartners.com,,,
paystri.com,,,
usse-oregon.org,,,
pctechnologies.net,,,
pcg.io,,,
pcrbusiness.com,,,
pcsconsulting.com,,,
thepdf.tools,,,
pdptraining.com,,,
pdware.com,,,
peachbpo.com,,,
paa-automation.com,,,
pearlpathways.com,,,
pearsonkelly.com,,,
pedigreetechnologies.com,,,
peeklogic.com,,,
peerlessmedia.com,,,
pegasussystems.com,,,
pegasusone.com,,,
peloton.com,,,
penfield-digital.com,,,
penta.com,,,
pentest-tools.com,,,
peopleplussoftware.com,,,
peoplefirstcontent.com,,,
peopleelement.com,,,
peppercloud.com,,,
pepupsales.com,,,
percento.us,,,
perceptioncare.com,,,
peregrineglobal.com,,,
perfectvenue.com,,,
performio.co,,,
performline.com,,,
pdshcpas.com,,,
perpetualny.com,,,
perryprotech.com,,,
perrysaccountants.co.uk,,,
personable.com,,,
bikayi.com,,,
perspecta-soft.com,,,
perspectiverisk.com,,,
ptechpartners.com,,,
phaedrasolutions.com,,,
pharmateksol.com,,,
pharmexec.com,,,
phase3.co.uk,,,
phedratech.com,,,
phenyx.co,,,
outsourcing-pharma.com,,,
motheatre.fi,,,
phimed.com,,,
asomobile.net,,,
photobiz.com,,,
pickspace.com,,,
picovoice.ai,,,
picturepark.com,,,
piercewashington.com,,,
piercon.net,,,
piesoft.us,,,
pilera.com,,,
pimworks.io,,,
pinetools.com,,,
pinesucceed.com,,,
pioneeraccountinggroup.com,,,
pioneermarketer.com,,,
pioneerone.in,,,
pipelinesocialmedia.com,,,
pipelinersales.com,,,
pitstopconnect.com,,,
pivotint.com,,,
pivotpointconsulting.com,,,
pixelpoint.io,,,
pixel-studios.com,,,
pixelbakery.com,,,
pixelcarve.com,,,
pixerio.com,,,
pixsterstudio.com,,,
pkfmueller.com,,,
pkfsmithcooper.com,,,
planetlanguages.com,,,
planitswiss.com,,,
plantensive.com,,,
plative.com,,,
plavno.io,,,
playboxtechnology.com,,,
plexail.com,,,
plumvoice.com,,,
plusinfosys.com,,,
anodynesimplepay.com,,,
pmenv.com,,,
pmaglobal.co,,,
pmolink.com,,,
pmsquare.com,,,
podia.com,,,
pointersoft.in,,,
polarisec.com,,,
politemail.com,,,
politetechsoftware.com,,,
polyxer.com,,,
pooleyacctg.com,,,
popdotmarketing.com,,,
poplabs.com,,,
porsline.com,,,
portstbd.com,,,
port53.com,,,
tracerplus.com,,,
portercap.com,,,
portfoliobi.com,,,
porziocomplianceservices.com,,,
posdata.com,,,
posim.com,,,
positiveedge.net,,,
poweranalytics.com,,,
powerconsulting.com,,,
powerlytics.com,,,
poweronplatforms.com,,,
pptssolutions.com,,,
pcapps.com,,,
ps4b.com,,,
practicus.com,,,
praeferre.com,,,
praetorian.com,,,
prakat.com,,,
pratititech.com,,,
40dollarlogo.com,,,
precisetestingsolution.com,,,
preciselycontracts.com,,,
pdsnow.com,,,
precisionmarketingpartners.com,,,
precisionpractice.com,,,
precursorsecurity.com,,,
preludeservices.com,,,
premiatnc.com,,,
premier-international.com,,,
prescientsolutions.com,,,
presenture.com,,,
theimagedepartment.com,,,
prestigepeo.com,,,
prestwood.com,,,
primeadvertising.com,,,
prime-dcs.com,,,
primoprint.com,,,
primusbuilders.com,,,
princetoninternetmarketing.com,,,
princetonits.com,,,
printfast.ca,,,
printstop.co.in,,,
prioritydesigns.com,,,
choosepriority.com,,,
poweredbyprisma.com,,,
privasec.com,,,
proimagedesigninc.net,,,
psgincs.com,,,
problemsolversconsultants.com,,,
procainconsulting.com,,,
procarehr.com,,,
processflows.co.uk,,,
processia.com,,,
processica.com,,,
procheckup.com,,,
productionmachining.com,,,
productoo.com,,,
prodyna.com,,,
roll-pastuch.com,,,
proficio.io,,,
profilesw.com,,,
profisea.com,,,
profitadvisorygroup.com,,,
issuerconsulting.com,,,
profitsystems.com,,,
progbiz.io,,,
progressivedentalmarketing.com,,,
progressivelogistics.com,,,
progressivetech.com,,,
proimpressionsgroup.com,,,
projecthosts.com,,,
project-management.pm,,,
pmainc.com,,,
projectmates.com,,,
prolim.com,,,
promark365.com,,,
promenadesoftware.com,,,
promepla.com,,,
promodex.agency,,,
promo-advertising.co.uk,,,
promotermotor.com,,,
promx.net,,,
fuseworkforce.com,,,
prophecy.io,,,
mile.com,,,
proproductswebdevelopment.com,,,
prorelixresearch.com,,,
proseso-consulting.com,,,
totalprosource.com,,,
protagona.com,,,
psgi.net,,,
protrials.com,,,
theprovatogroup.com,,,
provencontent.com,,,
provenit.com,,,
devon.global,,,
prowesstics.com,,,
prowritersins.com,,,
proximacro.com,,,
proximitymarketing.com,,,
psdcitywide.com,,,
optimizedglobal.com,,,
psst.com,,,
psyber.co,,,
psystems.co,,,
ptslab.com,,,
prgn.com,,,
pue-cpas.com,,,
pullmanmarketing.com,,,
pulsesolutions.com,,,
jouroff.io,,,
free-procurement.com,,,
puremoderation.com,,,
purelycrm.com,,,
myplantfloor.com,,,
purplecowservices.com,,,
purplexmarketing.com,,,
purplez.com,,,
push10.com,,,
pvsstudios.com,,,
toolpyramid.com,,,
pyrops.com,,,
qnomyhealth.com,,,
q3edge.com,,,
q90.com,,,
qassert.com,,,
qed42.com,,,
qi-a.com,,,
ql2.com,,,
qloudx.com,,,
qmii.com,,,
qm-ware.com,,,
qrsolutions.com.au,,,
qriar.com,,,
qseap.com,,,
qservicesit.com,,,
qsgsoft.com,,,
qteksystems.com,,,
qtonix.com,,,
qtspayroll.com,,,
quadbridge.com,,,
qualdev.com,,,
qualer.com,,,
qualiexperts.com,,,
qualimatrix.tech,,,
qualitlabs.com,,,
qualitresources.com,,,
qualitybillingservice.com,,,
qcciflorida.com,,,
qualitycontactsolutions.com,,,
qualitysupportgroup.com,,,
qualityzoneinfotech.com,,,
qualityminds.com,,,
qualityworkscg.com,,,
qualminds.com,,,
qualysoft.com,,,
quantifisolutions.com,,,
quantigo.ai,,,
personalfn.com,,,
quantumit.com.au,,,
qs2500.com,,,
quantumstrides.com,,,
quantumitinnovation.com,,,
questintegrity.com,,,
questline.com,,,
questudio.com,,,
queueassoc.com,,,
quibiq.de,,,
quickmail.com,,,
quickpayfunding.com,,,
quicsolv.com,,,
quintagroup.com,,,
clientbydesign.com,,,
quintetsolutions.com,,,
quorumcyber.com,,,
qvest.com,,,
qwi.es,,,
rradinc.com,,,
rkwebsol.com,,,
rnd-solutions.net,,,
raagvitech.com,,,
rabbet.com,,,
rabbixel.com,,,
rabin.com,,,
rabitse.com,,,
racecs.com,,,
rackwareinc.com,,,
raddllc.com,,,
radiansys.com,,,
radiant.digital,,,
radicasys.com,,,
radity.com,,,
radiussystemsllc.com,,,
radiustheme.com,,,
radixbay.com,,,
ragasoft.co.in,,,
raindropsinfotech.com,,,
rakuna.co,,,
ramantech.com,,,
rampedup.io,,,
ramprate.com,,,
imaginit.com,,,
rksolutions.com,,,
randstad.com.sg,,,
rankfuse.com,,,
rankingco.com.au,,,
rankpay.com,,,
digitalgrowthmasters.com,,,
rapidai.com,,,
rapiddg.com,,,
raptorkit.com,,,
rasinfotech-dubai.com,,,
rasa.io,,,
ratiobox.co.uk,,,
rationalbi.com,,,
rjcpas.com,,,
razor-tech.com,,,
razorleaf.com,,,
razorse.com,,,
razorthorn.com,,,
rchsolutions.com,,,
rdaep.com,,,
rdglobalinc.com,,,
rdsdigital.in,,,
reajetus.com,,,
reachbird.io,,,
ready4s.com,,,
readywireless.com,,,
radprod.com,,,
realitypremedia.com,,,
realmdigital.com,,,
realtekconsulting.net,,,
rtm.com,,,
realtyninja.com,,,
reconciled.com,,,
clickcopy.co,,,
recruitingsimple.io,,,
recruitive.com,,,
recruitmentsystems.com,,,
recycleit.co.uk,,,
reddinoventures.com,,,
redfingroup.com,,,
redskydigital.com,,,
red8.com,,,
redbytes.in,,,
redjack.com,,,
redoakcompliance.com,,,
redpathcg.com,,,
redpointcyber.com,,,
redrocketstudios.com,,,
redsentry.com,,,
reduct.video,,,
reedtalentsolutions.com,,,
reelunlimited.com,,,
reflexisinc.com,,,
refreshideas.com,,,
reg.uk.com,,,
regencycsi.com,,,
regency-mgmt.com,,,
regula-us.com,,,
rcainc.com,,,
rpb.biz,,,
rejag.com,,,
heyreliable.com,,,
relianceprotect.co.uk,,,
reliantvision.com,,,
reliascent.com,,,
reloadux.com,,,
renaps.com,,,
renodis.com,,,
resplace.com,,,
requis.com,,,
rsginc.net,,,
resemblesystems.com,,,
residentialleasing.net,,,
resolvetech.com,,,
resortdata.com,,,
rmi-solutions.com,,,
responsum.eu,,,
retargeting.biz,,,
rettew.com,,,
returnlogic.com,,,
reusser.com,,,
revbits.com,,,
reveation.io,,,
revenuecyclesolutions.com,,,
revenuematters.com,,,
revenuemarketingalliance.com,,,
revenuewell.com,,,
reviewsinn.com,,,
revolutiondatasystems.com,,,
revsys.com,,,
rexsoftware.com,,,
rezstream.com,,,
rgd.ca,,,
rhinosecuritylabs.com,,,
rhpsoft.com,,,
rhsb.com,,,
rhymetec.com,,,
rialtes.com,,,
richeymay.com,,,
riddhicorporate.co.in,,,
accessibility.works,,,
rightinformation.com,,,
rightservice.net,,,
rillsoft.com,,,
rioshtech.com,,,
riptideweb.com,,,
risingwork.com,,,
riskdecisions.com,,,
riskmanagementsecurity.co.uk,,,
risk-q.com,,,
risual.com,,,
ritesoftware.com,,,
rithom.com,,,
ritz.com.mm,,,
river-run.com,,,
rgcocpa.com,,,
riversagency.com,,,
riversidelogistics.com,,,
rivialsecurity.com,,,
rizikon.net,,,
rmc-florida.com,,,
rmotiveservices.com,,,
rmsource.com,,,
rndpoint.com,,,
rnstechnology.com,,,
buildingstartups.com,,,
roarsinc.com,,,
linksmob.com,,,
robertsnathan.com,,,
ababilling.net,,,
robo-soft.com,,,
robotsandpencils.com,,,
rocknblock.io,,,
rocksolid.com,,,
rocketmatter.com,,,
rocketmedia.com,,,
rocketrez.com,,,
rockfeather.com,,,
rockfordgroup.com,,,
roghnu.com,,,
roidigitally.com,,,
roimantra.com,,,
hashtaggenerator.store,,,
rootshellsecurity.net,,,
rootstock.com,,,
rootways.com,,,
ropstam.com,,,
roundel.com,,,
route101.com,,,
calculatorx.com,,,
rpoarena.com,,,
rschooltoday.com,,,
rsiconcepts.com,,,
rst.software,,,
rstartec.com,,,
rtlabs.co.uk,,,
rtcamp.com,,,
rtmconsulting.net,,,
ruddersoft.com,,,
ruiusa.com,,,
rumblefish.dev,,,
runibex.com,,,
runtime.org,,,
toolsrush.com,,,
rustybrick.com,,,
rydotinfotech.com,,,
s-core.co.kr,,,
s-squaresystems.com,,,
s8080.com,,,
saitservices.com,,,
saadhvi.com,,,
saahaszerowaste.com,,,
saasnic.com,,,
saaspass.com,,,
sadupsoft.com,,,
saeculumsolutions.com,,,
safenetworksolutions.com,,,
smsenergetics.com,,,
safetyamp.com,,,
safran.com,,,
sahoowebsolutions.com,,,
saketa.com,,,
salarybox.in,,,
salemsurround.com,,,
salesmanagernow.com,,,
sales-push.com,,,
salesoverdrive.com,,,
salestube.tech,,,
saltworks.io,,,
salvosoftware.com,,,
samara-tech.com,,,
samarpaninfotech.com,,,
tekmindz.com,,,
samparkinfoways.com,,,
sanalabs.com,,,
sandcherryassociates.com,,,
stptrans.com,,,
sandboxsoftware.ca,,,
sandermechanical.com,,,
sanka.io,,,
sankalpit.com,,,
sanuker.com,,,
sapdra.com,,,
sapiencecommunications.co.uk,,,
sapours.com,,,
sarahbeststrategy.com,,,
saranshinc.com,,,
saratech.com,,,
satalyst.com,,,
satcominfotech.com,,,
satedev.com,,,
saubhagyam.com,,,
saventech.com,,,
savvii.com,,,
savvysearchmarketing.com,,,
savyagency.com,,,
sawa-tech.com,,,
sbaedge.com,,,
sbims.com,,,
sbtpartners.com,,,
scadea.com,,,
scaledelight.com,,,
it.com.sg,,,
scanningamerica.com,,,
scantrust.com,,,
scatterpie.io,,,
scenery.video,,,
scheer-group.com,,,
schlennerwenner.cpa,,,
schneider-group.ua,,,
schoolpass.com,,,
sciencepharma.com,,,
scintilla-ip.com,,,
scmchamps.com,,,
scoocs.co,,,
scopecompany.com,,,
scorchsoft.com,,,
scorto.com,,,
scouttalenthq.com,,,
scouttalent.ca,,,
aitach.com,,,
scriptis.com,,,
sculptsoft.com,,,
scybers.com,,,
sdworx.co.uk,,,
sdadtechnology.com,,,
sdcverifier.com,,,
unionstreetoffice.com,,,
sdmayer.com,,,
sdnatech.com,,,
expertseotool.com,,,
sealpath.com,,,
searchcombat.com,,,
searchactions.com,,,
secarma.com,,,
se-cloud-experts.com,,,
secur-serv.com,,,
secura.com,,,
securanceconsulting.com,,,
securenetworkers.com,,,
secureninja.com,,,
securerecordssolutions.com,,,
securestrux.com,,,
securekloud.com,,,
securemetric.com,,,
securescan.com,,,
securesky.com,,,
secureyes.net,,,
securin.io,,,
securing.pl,,,
securitasinc.com,,,
securiteam.us,,,
scasecurity.com,,,
securecoding.com,,,
ssireps.com,,,
securus.co.in,,,
jasedlak.com,,,
seemsneat.com,,,
seerene.com,,,
seeunity.com,,,
sefas.com,,,
selectel.ru,,,
selectmindsllc.com,,,
serviceselector.com,,,
wildppcbunch.com,,,
semahead.agency,,,
semalt.tools,,,
sendiancreations.com,,,
sendquick.com,,,
sennovate.com,,,
sensentia.com,,,
sensiba.com,,,
senstar.com,,,
sentinelintegrity.com,,,
sentrichr.com,,,
seocontentindia.in,,,
seotrafficlab.com,,,
seofied.com,,,
seoindiahigherup.com,,,
keyword.io,,,
sequeldm.com,,,
serenityinfotech.com,,,
serigor.com,,,
sertalink.com,,,
serverguy.com,,,
serverhealers.com,,,
servicelogic.com,,,
service.works,,,
servpac.com,,,
dataprotectionreport.com,,,
setsail.co,,,
7t.co,,,
shareitsolutions.com,,,
sharpinnovations.com,,,
shastaqa.com,,,
shedevs.it,,,
shelleyssocialmedia.com,,,
clouglobal.com,,,
shieldbyteinfosec.com,,,
shift365.com,,,
shipwire.com,,,
shocklogic.com,,,
shoosocialmedia.co.uk,,,
shop-ware.com,,,
thegenielab.com,,,
shoptimised.com,,,
shopweb.in,,,
edbrecoverytool.org,,,
showcare.com,,,
shravas.com,,,
shrijisolutions.com,,,
shunyeka.com,,,
sidekickinteractive.com,,,
sieconsultinggroup.com,,,
siegpartners.com,,,
sierraexperts.com,,,
sigmaways.com,,,
sigmundsoftware.com,,,
significantinfotech.com,,,
signox.in,,,
signustech.com,,,
industrie-online.com,,,
silverbazel.com,,,
silverlinetechnology.com,,,
silverlinesolutions.com,,,
tsl.io,,,
silverxis.com,,,
simba7media.com,,,
simbecorion.com,,,
simontechway.com,,,
simpat.tech,,,
sbnsoftware.com,,,
simplecrm.com,,,
simple.io,,,
simpler.com,,,
simplesurvey.com,,,
simplifiedsolutions.biz,,,
simplistics.ca,,,
simplyfleet.app,,,
sinelogix.com,,,
singlethrow.com,,,
singlemindconsulting.com,,,
uptimiser.com.hk,,,
sirvoy.ca,,,
sitech.me,,,
sitelint.com,,,
sitruna.com,,,
sixredmarbles.com,,,
skinternational.com,,,
skeintech.com,,,
skillquotient.net,,,
skrivanek.com,,,
skuid.com,,,
skypatrol.com,,,
skyach.com,,,
skybridgeinfotech.com,,,
skynats.com,,,
skysoftglobal.com,,,
skysystemz.com,,,
skywebtech.net,,,
skywell.software,,,
sleekinfosolutions.com,,,
sleightadvertising.com,,,
slideux.com,,,
slkone.com,,,
slnsoftwares.com,,,
smanikdesign.com,,,
smart1marketing.com,,,
smartcryptosolution.org,,,
smarterp.com,,,
smartwebsolutions.org,,,
smartwp.com,,,
smartaccts.com,,,
smartcat.com,,,
smartchurchsolutions.com,,,
smartclick.agency,,,
smartechindia.com,,,
smartenspaces.com,,,
smarteq-sa.com,,,
smartqe.co,,,
smart-is.com,,,
smartit.ws,,,
smartnet.rs,,,
smartorg.com,,,
smartprepcenter.com,,,
smartsalescrm.com,,,
smartsearchinc.com,,,
smartsupp.com,,,
needdevelopers.com,,,
smartxtech.co,,,
smatbot.com,,,
smbservices.co,,,
smdaccounting.com,,,
smemark.com,,,
smimiddleeast.com,,,
smint.io,,,
smmadvertising.com,,,
mikeginley.com,,,
smsgatewayhub.com,,,
smtlabs.io,,,
snapcall.io,,,
snovasys.com,,,
snyder-associates.com,,,
socialfactor.com,,,
socialmanaged.com,,,
socialnetworking.solutions,,,
socialb.co.uk,,,
socialeyescommunications.com,,,
journaliststoolbox.org,,,
soffico.de,,,
soffront.com,,,
sofistic.com,,,
softagellc.com,,,
softbasesystems.com,,,
seoprise.ir,,,
softelligence.net,,,
softgainz.com,,,
softkit.dev,,,
softlinesolutions.com,,,
softools.org,,,
softopark.com,,,
softprodigy.com,,,
softricksolutions.com,,,
softvira.com,,,
softvoya.com,,,
softwareaggov.com,,,
softwarecountry.com,,,
softed.com,,,
sohosolutionsinc.com,,,
sojournsolutions.com,,,
solaceglobal.com,,,
soldevelo.com,,,
solidify.dev,,,
solidperformers.com,,,
solunus.com,,,
solutionmentors.com,,,
solsyst.com,,,
solutionsmetrix.com,,,
solutions2share.com,,,
somo.agency,,,
somyatrans.com,,,
sonicseo.com,,,
soonermarketingsolutions.com,,,
sopranodesign.com,,,
sospes.com,,,
sourcedogg.com,,,
sourcepak.com,,,
sourcetekit.com,,,
southworthassociates.net,,,
spacewell.com,,,
spaculus.org,,,
spadetechnology.com,,,
sparkinnovations.com,,,
sparkybit.com,,,
spatco.com,,,
spctek.com,,,
spearhead.systems,,,
specialtyansweringservice.net,,,
spectrosci.com,,,
spectrumhrsolutions.com,,,
spectrummarketing.com,,,
speechlive.com,,,
spellsystems.com,,,
spenda.co,,,
sphaera.net,,,
spheremail.co,,,
toolnaka.com,,,
spheregen.com,,,
spherexx.com,,,
riskmach.co.uk,,,
spireconsultinggroup.com,,,
spirehawaii.com,,,
spliceglobal.com,,,
splurgemedia.com,,,
spotonsolutions.com,,,
spotdev.co.uk,,,
springwoodlabs.co,,,
sprinix.com,,,
sprinterit.com,,,
sprintive.com,,,
sprydigital.com,,,
sprybit.com,,,
spectra-systems.com,,,
inspyder.com,,,
sqacanada.ca,,,
sqasolutions.ca,,,
sqc.co.uk,,,
squareonemea.com,,,
squer.io,,,
3scsolution.com,,,
ssasecurity.com,,,
sslgroup.ca,,,
staah.com,,,
stablekernel.com,,,
stackarmor.com,,,
stacksteam.com,,,
stacktics.com,,,
staffcloud.net,,,
staffready.com,,,
staffsource.com,,,
stagebit.com,,,
stantonprm.com,,,
stape.io,,,
starit.fi,,,
starbic.com,,,
design-start.com,,,
startrco.com,,,
startupcaservices.com,,,
staylisted.com,,,
steamrolleranimation.com,,,
gosteelhead.com,,,
stellanstechnosoft.com,,,
stellaxius.com,,,
stellium.com,,,
stelotechnology.com,,,
steponestepahead.com,,,
stepes.com,,,
sterison.com,,,
sterlingrisk.com,,,
sterlingmedicaldevices.com,,,
ss-us.com,,,
stibodx.com,,,
sticky.io,,,
stillmantranslations.com,,,
stinnett-associates.com,,,
stnvideo.com,,,
wechangeminds.com,,,
storcom.net,,,
storyamplify.com,,,
stracongroup.com,,,
sigcorp.com,,,
stratas.co.uk,,,
yourstrategic.com,,,
modernmarketingtoday.com,,,
strategixdesign.com,,,
strategic.com,,,
thinkstrategic.com,,,
strategicmarketinginc.com,,,
strategicobjectives.com,,,
sscctu.com,,,
stpfederal.com,,,
seowithdavid.com,,,
strategyfinancialgroup.com,,,
stratixcorp.com,,,
streamlinevrs.com,,,
streem.com.au,,,
stripeolt.com,,,
strivewire.com,,,
strunkmedia.com,,,
stspl.com,,,
studiokrew.com,,,
situdio.com,,,
studio1design.com,,,
studio98.com,,,
studioscience.com,,,
slick.global,,,
stuntcoders.com,,,
submit.com,,,
submitappz.com,,,
submitedgeseo.com,,,
submitinme.com,,,
lmi-world.com,,,
successkpi.com,,,
successware.com,,,
sudofy.com,,,
sugoilabs.com,,,
sulava.com,,,
summ-it.eu,,,
summitbiz.net,,,
summitbiztech.com,,,
summitde.com,,,
summitglt.com,,,
summit360.com,,,
sumpraxis.com,,,
sunai.xyz,,,
sunhospitality.com,,,
sunbasedata.com,,,
sundanceusa.com,,,
thesunflowerlab.com,,,
sunix.in,,,
sunraycorp.com,,,
getsomesun.net,,,
sunscrapers.com,,,
sunsetlearning.com,,,
sunstreamglobal.com,,,
transphere.com,,,
supernormal.com,,,
supplychainsolutionscorp.com,,,
k2s.com,,,
supplyon.com,,,
surekhatech.com,,,
surteltechnologies.com,,,
sushlabs.com,,,
sustainablemindz.net,,,
svam.com,,,
svapinfotech.com,,,
sviteco.ua,,,
svnparkegroup.com,,,
swansoftweb.com,,,
swedwise.com,,,
sweetcode.pro,,,
wilmingtonforrent.com,,,
swif.ai,,,
swindia.com,,,
swiss-security-solutions.com,,,
swissbanking.ch,,,
syftet.com,,,
sygnetinfosol.com,,,
sylversys.com,,,
symetricproductions.com,,,
symtrax.com,,,
synapseteam.com,,,
synapsestudios.com,,,
synatic.com,,,
synaxisworks.com,,,
synchronyhr.com,,,
synchtank.com,,,
syncshow.com,,,
synel-americas.com,,,
synercomm.com,,,
synergy-engineers.com,,,
synergytop.com,,,
synobis.com,,,
syscomgs.com,,,
sysnetsystem.in,,,
syspree.com,,,
systeloa.com,,,
systemadminspro.com,,,
systemarchitects.ca,,,
system4.com,,,
systemart.com,,,
systematic.uk,,,
sysintegration.com,,,
systrixit.com,,,
sysusa.com,,,
sytoss.com,,,
zabist-ai.com,,,
fontvilla.com,,,
supplychainbrief.com,,,
t4spartners.com,,,
tablab.app,,,
tbsp.com,,,
tackmobile.com,,,
tacticaledgeai.com,,,
tactiv.net,,,
tagteamagency.com,,,
tagrem.com,,,
thpcreates.com,,,
takshitsolutions.com,,,
talentsmart.co.in,,,
talentcare.com,,,
talentrecruit.com,,,
talentrise.com,,,
talentspa.co.uk,,,
talussolutions.com,,,
tamite.co.uk,,,
tangentia.com,,,
tangible-ux.com,,,
taoti.com,,,
tapeark.com,,,
taskeo.co,,,
taskpapa.com,,,
tauruswebsolutions.com,,,
talkify.net,,,
taxpartner.us,,,
tayanasolutions.com,,,
associationconcepts.ca,,,
tbgsecurity.com,,,
legacybrandingco.com,,,
tccgrp.com,,,
tcdi.com,,,
tdsoft.com,,,
tbccpa.com,,,
teambrookvale.com.au,,,
team-cymru.com,,,
teamfacilitiesinc.com,,,
team5pm.com,,,
jellyfishtechnologies.com,,,
kagool.com,,,
teamsurfboard.com,,,
techafricanews.com,,,
techtalentconsulting.co.uk,,,
tech9logy.com,,,
forcebolt.com,,,
techcedence.com,,,
techcybers.com,,,
techeasify.com,,,
techhive.co.in,,,
techivies.com,,,
techjays.com,,,
techmanyata.com,,,
technicaldrive.co.uk,,,
tsisupport.com,,,
technoservesolutions.com,,,
technocrackers.com,,,
technogemsinc.com,,,
technogeninc.com,,,
technologyinstallpartners.com,,,
technologymindz.com,,,
tmx-learning.com,,,
techno-soft.com,,,
technovisors.com,,,
techosquare.com,,,
techostudios.com,,,
techpearl.com,,,
techproeducation.com,,,
techreset.com,,,
techshu.com,,,
techspawn.com,,,
techsurvi.com,,,
etechtics.com,,,
techvice.org,,,
techwaveweb.com,,,
tecizeverything.com,,,
tectrade.com,,,
streamingmediaglobal.com,,,
autorepairalbany.com,,,
tej9.com,,,
teklink.com,,,
teknicks.com,,,
tekpros.com,,,
tekstack.com,,,
tektelic.com,,,
telecominc.com,,,
telecomp.com,,,
teleglobals.com,,,
telelogos.com,,,
telmantec.com,,,
teleporthq.io,,,
telescope.tv,,,
telesoftas.com,,,
teletare.com,,,
tellworks.com,,,
tempestamedia.com,,,
devprotools.com,,,
tlctranslation.com,,,
tenetizer.com,,,
ruslan.rocks,,,
tentackles.com,,,
agiletestlab.com,,,
teqfocus.com,,,
terminalfour.com,,,
tero.us,,,
terracor.ca,,,
terra.insure,,,
teskalabs.com,,,
tessituranetwork.com,,,
testtechno.com,,,
testers-hub.com,,,
testeryou.com,,,
testfirstqa.com,,,
testhouse.net,,,
testmonitor.com,,,
testometer.co.in,,,
testproeg.com,,,
tetrain.com,,,
pcawebdesign.com,,,
textmaster.com,,,
sportsplus.app,,,
acagroup.be,,,
theactionsportstranslator.com,,,
theadleaf.com,,,
alexandergroup.com,,,
americandeposits.com,,,
theanimationguys.com,,,
thebarkfirm.com,,,
codemetro.com,,,
briarsgroup.com,,,
c2experience.com,,,
thecastlegrp.com,,,
salesprocentral.com,,,
ofoct.com,,,
askcip.com,,,
ctprints.com,,,
comgroup.com,,,
concord-cc.com,,,
thecreativealliance.com,,,
thecreativecollective.com.au,,,
thedigitalembassy.co,,,
financial-marketer.com,,,
thefdagroup.com,,,
feingoldco.com,,,
flyinglocksmiths.com,,,
gdrgroup.com,,,
getsmart.marketing,,,
thehrbulb.com,,,
pictureeditor.com,,,
ihshawaii.org,,,
kelloggcollection.com,,,
korteco.com,,,
krgroup.com,,,
thelaneagency.com,,,
themmachine.com,,,
themaynardgroup.com,,,
mercadien.com,,,
monarchconnected.com,,,
themortgageoffice.com,,,
thenewsmarket.agency,,,
nexxusdesigns.com,,,
thenthbit.com,,,
performanceinstitute.org,,,
thepixel.com,,,
thepropertygroup.net,,,
tqg.de,,,
samuelsgroup.net,,,
the-service-company.com,,,
thesiliconpartners.com,,,
thesocialelement.agency,,,
checkmoz.com,,,
thesoftware.shop,,,
sutter-group.com,,,
tariffaudit.com,,,
tellennium.com,,,
paraphrasetools.com,,,
testing-companies.com,,,
thetranslationgate.com,,,
aims.world,,,
theventuragroup.com,,,
thevirtualforge.com,,,
webstergroupinc.com,,,
wolfestonegroup.com,,,
workplacegroup.com,,,
taletel.com,,,
aanandi.in,,,
theaspteam.com,,,
thebeglobal.com,,,
theblue.ai,,,
careerbeacon.com,,,
thecontentpanel.com,,,
thecuneiform.com,,,
theenginenordic.com,,,
thehird.com,,,
themerchantsolutions.com,,,
thepodcastguys.co.uk,,,
therefore.net,,,
thesmartagency.com,,,
scientific-computing.com,,,
ingenuitycloudservices.com,,,
thinktankprm.com,,,
thinktribe.com,,,
thinkaccounting.ca,,,
thinkbigsites.com,,,
thinkdigity.com,,,
thinklayer.com,,,
thinklogic.com,,,
thinkpixa.com,,,
thinkreservations.com,,,
thinksinsight.com,,,
thinkupsoft.com,,,
thinkwik.com,,,
thirdeyeinfo.com,,,
thirdmarblemarketing.com,,,
3rd-pillar.com,,,
thobson.com,,,
thomsentrampedach.com,,,
threatgroup.com,,,
threataware.com,,,
threatmon.io,,,
three29.com,,,
thrivewebdesigns.com,,,
tiaa.co.uk,,,
phddirection.com,,,
tickingminds.com,,,
tickspot.com,,,
tidewaterproperty.com,,,
tienational.com,,,
tightlineproductions.com,,,
tigunia.com,,,
tilti.com,,,
timespacemedia.com,,,
timerack.com,,,
tinext.com,,,
tisa-software.com,,,
tizbi.com,,,
tlgmarketing.com,,,
tlvtech.io,,,
tmediabusinesssolution.com,,,
tngconsulting.com,,,
tntdental.com,,,
tollesonwealth.com,,,
analytics-365.com,,,
tomsksoft.com,,,
hellotonic.com,,,
toogit.com,,,
togglebox.com,,,
toolapps.co.in,,,
tooljet.com,,,
top4marketing.com,,,
topia.com,,,
topyx.com,,,
total-advertising.com,,,
totaleintegrated.com,,,
totalbc.com,,,
toucantech.com,,,
touchcallrecording.com,,,
touchstoneinfotech.com,,,
touchstorm.com,,,
hotel-spider.com,,,
samirsaci.com,,,
towasoftware.com,,,
towerwall.com,,,
theprojectgroup.com,,,
tppgs.com,,,
tpssoft.com,,,
tqsintegration.com,,,
tracer.ai,,,
trackdesk.com,,,
trackdfect.com,,,
tracki.com,,,
tracrite.net,,,
trafficdog.com,,,
trainn.co,,,
trkkn.com,,,
trakm8.com,,,
transcenddigital.com,,,
transcendtek.com,,,
transcription-services-us.com,,,
transcriptionstar.com,,,
transformsolution.com,,,
transimpact.in,,,
knowledgew.com,,,
transmissionagency.com,,,
traust.com,,,
travanleo.com,,,
travarsa.com,,,
travelmediagroup.com,,,
themarketingmill.com,,,
travelline.co.th,,,
trcpamco.com,,,
trekglobal.com,,,
treliant.com,,,
trellis.co,,,
trenser.com,,,
trgmultimedia.com,,,
tristardes.com,,,
tristarrtalent.com,,,
triarqhealth.com,,,
triblio.com,,,
tridentinfo.com,,,
tridentspark.com,,,
tridentwebinfoservices.com,,,
tridius.co,,,
tridon.com,,,
triffidit.com,,,
triforcegs.com,,,
trigensoft.com,,,
trillium.net,,,
trimantra.com,,,
trinsictech.com,,,
trinsoft.com,,,
trioliet.com,,,
wearetriple.com,,,
tripolis.com,,,
trisotech.com,,,
staffaugmentation.us,,,
tritansolutions.com,,,
tritonmarketresearch.com,,,
triuneinfomatics.com,,,
triveniglobalsoft.com,,,
triveniit.com,,,
trivialworks.com,,,
trivisionstudios.com,,,
trivista.com,,,
triviumpoint.com,,,
triyock.com,,,
trndigital.com,,,
troyweb.com,,,
trufcu.com,,,
trudatasolutions.com,,,
trudigital.com,,,
truenorthitg.com,,,
truecoach.co,,,
wearetrueline.com,,,
truelinesolution.com,,,
trueson.com,,,
truglobal.com,,,
truhorizon.com,,,
truops.com,,,
truora.com,,,
trustarmarketing.com,,,
trustedglobal.com,,,
trustshoring.com,,,
trustsoft.eu,,,
truvelop.com,,,
tsaaro.com,,,
tsgwm.com,,,
transforming.com,,,
tsxtrust.com,,,
tuckercastleberry.com,,,
opentext.nl,,,
wp-tutoring.com,,,
tvunetworks.com,,,
twai.com,,,
twenty-four.it,,,
twenty20solutions.com,,,
twinadvertising.com,,,
tsts.com,,,
twintel.net,,,
twopoint.com,,,
tworiversmarketing.com,,,
txsystems.com,,,
txture.io,,,
ubiweb.ca,,,
ubsdigicloud.com,,,
uinno.io,,,
uja.in,,,
ukpostbox.com,,,
ukad-group.com,,,
ulsterbank.co.uk,,,
ultimo.com,,,
ultimus.com,,,
umangsoftware.com,,,
umbrellalocal.com,,,
umbrex.com,,,
uncannycs.com,,,
underbelly.is,,,
unified-team.com,,,
utsin.com,,,
unionsavings.com,,,
ucssolutions.com,,,
uniquesdata.com,,,
unitedfintech.com,,,
unitedgmg.com,,,
nts-unitek.com,,,
universalfunding.com,,,
universalsiteservices.com,,,
gapress.org,,,
univsense.com,,,
unlimitedsystems.com,,,
unotech.io,,,
unyscape.com,,,
updoertechnology.com,,,
netuplift.com,,,
upp.ai,,,
upperhand.com,,,
upplabs.com,,,
upreports.com,,,
uprisox.com,,,
upstreamgs.com,,,
uptechmind.com,,,
uptopcorp.com,,,
urbanthree.com,,,
urjanet.com,,,
us24solutions.com,,,
usatech-recruit.com,,,
usdigitalresponse.org,,,
birdie.ai,,,
paragonie.com,,,
usetech.com,,,
usfleettracking.com,,,
ushamartintech.com,,,
utilassist.com,,,
utility.agency,,,
utopiasolutions.com,,,
uturndata.com,,,
uzmarketing.com,,,
v-softinc.com,,,
v2sa.com,,,
vabulous.com,,,
vacationtracker.io,,,
vajraglobal.com,,,
valicomcorp.com,,,
valid8me.com,,,
valimation.com,,,
valin.com,,,
valleypointtechnologies.com,,,
valpakrochester.com,,,
valuebound.com,,,
value-match.co.uk,,,
valutrack.com,,,
vantagepoint.consulting,,,
vardhamaninfotech.com,,,
variancemarketing.com,,,
varianceinfotech.com,,,
varseno.com,,,
varutra.com,,,
vaultconsulting.com,,,
vaultes.com,,,
vaultspeed.com,,,
enablex.io,,,
coderskitchen.com,,,
vedams.com,,,
vedlogic.com,,,
veelead.com,,,
veeruby.com,,,
veewz.com,,,
velomethod.com,,,
velocitymsc.com,,,
velosiaims.com,,,
veloxsystems.net,,,
venatorpm.com,,,
venomit.com,,,
ventasconsulting.com,,,
ventcube.com,,,
veoci.com,,,
verbio.com,,,
vercodi.com,,,
vericonbuilds.com,,,
veridos.com,,,
verifaya.com,,,
verifyglobal.com,,,
verinext.com,,,
verinon.com,,,
getveris.com,,,
veritau.co.uk,,,
verndale.com,,,
versafile.com,,,
vertikal6.com,,,
vervint.com,,,
vescapelabs.com,,,
vestberry.com,,,
vestedhr.com,,,
leonardoworldwide.com,,,
viableoutsourcesolution.com,,,
viacode.com,,,
viapeople.com,,,
vicesoftware.com,,,
vicon-security.com,,,
victoriafide.com,,,
viddyoze.com,,,
videofresh.co,,,
mamafurfur.com,,,
videoly.co,,,
videosupply.com,,,
vidhema.com,,,
viettelcybersecurity.com,,,
vigilant-inc.com,,,
vigilant.it,,,
vintageits.com,,,
viostream.com,,,
viraloctopus.com,,,
craftedstores.com,,,
virjeecpa.com,,,
virrgotech.com,,,
virsig.com,,,
virtual-sales.com,,,
virtualansoftware.com,,,
virtualbadge.io,,,
virtualbears.ph,,,
virtualoplossing.com,,,
virtuesecurity.com,,,
virtueinfo.com,,,
virtuetechinc.com,,,
viscomsystems.com,,,
visibility.com,,,
visibilitysoftware.com,,,
visioninfosoft.com,,,
visioninfotech.net,,,
vision6.com,,,
visionfactory.org,,,
visiontechme.com,,,
vistair.com,,,
vlgux.com,,,
visualcv.com,,,
visualoneintelligence.com,,,
visuresolutions.com,,,
vividinfotech.com,,,
vixspace.com,,,
vizzwebsolutions.com,,,
vmedulife.com,,,
vnbconsulting.com,,,
vocalls.ai,,,
vogsy.com,,,
voicetotext.org,,,
voiceboxagency.co.uk,,,
voipqualitytest.com,,,
voami.org,,,
vonclaro.com,,,
vontweb.com,,,
vox-cpaas.com,,,
vraimatic.ai,,,
vrakascpas.com,,,
vsgi.com,,,
vsoftdigital.com,,,
vstinc.com,,,
vstorm.co,,,
vtestcorp.com,,,
vtouchsolutions.com,,,
vupmedia.com,,,
vvallc.com,,,
vynemedical.com,,,
vyrazu.com,,,
w3speedup.com,,,
w3data.cloud,,,
waferwire.com,,,
wahinnovations.com,,,
iw-cpa.com,,,
wallspropertymanagement.com,,,
waltzbusiness.com,,,
wamatechnology.com,,,
waohost.com,,,
warmdevs.com,,,
warmupyour.email,,,
warpdevelopment.com,,,
wll.com,,,
watchity.com,,,
waterstons.com,,,
wati.com,,,
watsonrent.com,,,
wavestrong.com,,,
wavity.com,,,
tringpartner.com,,,
waymore.io,,,
waysandmeanstechnology.com,,,
wayvtalk.com,,,
wbm.ca,,,
webdevelopmentgroup.com,,,
we45.com,,,
wear-studio.com,,,
lift.agency,,,
wearemercury.com,,,
wearemindscape.com,,,
weareortus.com,,,
weareosm.com,,,
patronum.io,,,
weareroadmap.com,,,
webadvanced.com,,,
analyticsdemystified.com,,,
webcase.studio,,,
webdesignchoice.co.uk,,,
web-peppers.com,,,
webpro-it.co.uk,,,
webresultsdirect.com,,,
webscraping.us,,,
websolutionsnyc.com,,,
webappmate.com,,,
webbullindia.com,,,
webbybutter.com,,,
onlinetools.ai,,,
webcrayons.biz,,,
webcreta.com,,,
webdriveseo.com,,,
webexpert.company,,,
webgarh.com,,,
webgentechnologies.com,,,
webhopers.com,,,
webixytech.com,,,
webjaguar.com,,,
weblinxinc.com,,,
webmarketers.ca,,,
webmarketsonline.com,,,
webnetcreatives.net,,,
weboccult.com,,,
webratio.com,,,
webrepublic.com,,,
webriderz.com,,,
webs.nl,,,
websutility.com,,,
websadroit.com,,,
websan.com,,,
websensa.com,,,
dewebservices.com,,,
webstarsltd.com,,,
logowebtech.com,,,
webtools.gratis,,,
webuters.com,,,
webwiders.com,,,
webxion.com,,,
weeverapps.com,,,
wegnercpas.com,,,
welldata.co.uk,,,
wpfond.com,,,
thinkwelty.com,,,
wendroffcpa.com,,,
westagilelabs.com,,,
stand8.io,,,
westendsoftware.com,,,
wetelo.com,,,
cpa-wfy.com,,,
wheelhousedmg.com,,,
whiteoaksecurity.com,,,
wnyric.org,,,
whyoptimize.com,,,
wideopentech.com,,,
willowbendsystems.com,,,
windowsmanagementexperts.com,,,
windream.com,,,
wineglassmarketing.com,,,
winfosoft.com,,,
weitsolutions.net,,,
winningsolutionsinc.com,,,
winningtemp.com,,,
winterwind.com,,,
wlius.com,,,
wirtek.com,,,
wisdominfosoft.com,,,
wiseq.net,,,
wisekey.com,,,
thinkwixted.com,,,
wizarddigital.com,,,
wizehive.com,,,
wjdpm.com,,,
wonderbotz.com,,,
wonderistagency.com,,,
woodpeckerweb.com,,,
woolman.co,,,
wordagents.com,,,
wordplaycontent.com,,,
wordvice.ai,,,
workdove.com,,,
workflowhub.com,,,
workflowstudios.com,,,
workforceoptimizer.com,,,
workgrid.com,,,
workiy.com,,,
workllama.com,,,
worklooper.com,,,
cloudworkmates.com,,,
worksbot.com,,,
worldsway.com,,,
worldtranslationcenter.com,,,
webrezpro.com,,,
worldconnection.com,,,
worldwideservices.net,,,
wovenware.com,,,
wowinfotech.com,,,
wordperfect.com,,,
wpnt.com,,,
wpriders.com,,,
wraldigitalsolutions.com,,,
wrangu.com,,,
wris.com,,,
writingexercises.co.uk,,,
wsismartmarketing.com,,,
web-systems.solutions,,,
wtotem.com,,,
wwg.it,,,
xarios.com,,,
xbrl.us,,,
xcelhr.com,,,
xcelpros.com,,,
xcentium.com,,,
xen.com.au,,,
xenith.co.uk,,,
xentit.com,,,
xentrax.com,,,
xiarch.com,,,
xieno.com,,,
xigentsolutions.com,,,
ximxim.com,,,
xiting.com,,,
madeeasyenterprises.com,,,
xorlogics.com,,,
xpansehr.com,,,
xpedition.co.uk,,,
xxpert.com,,,
xpressguards.com,,,
xpublisher.com,,,
xrdigitech.com,,,
xrmlabs.com,,,
xtiva.com,,,
xtremepush.com,,,
xwp.co,,,
evenesis.com,,,
ylconsulting.com,,,
bizappln.com,,,
yakkaservices.com,,,
yamm.com,,,
yantrainc.com,,,
yatesltd.com,,,
yeoandyeo.com,,,
yesitlabs.com,,,
yeswebdesignstudio.com,,,
yhtanmy.com,,,
yhbcpa.com,,,
yittbox.com,,,
yoghurtdigital.com.au,,,
yotec.net,,,
youexec.com,,,
youngcompany.com,,,
youparcel.com,,,
yourpracticeonline.net,,,
yourbusinessvoice.co.uk,,,
yourshortlist.com,,,
fullstackdevteams.com,,,
youtestme.com,,,
yugtechnology.com,,,
yulupr.com,,,
zaelab.com,,,
zapfloor.com,,,
zapflow.com,,,
zaphyrpro.com,,,
zappyhire.com,,,
zaproo.com,,,
zco.com,,,
ze.com,,,
zebratechies.com,,,
zedaxis.com,,,
zeligzwebstore.com,,,
zelitesolutions.com,,,
zen-networks.io,,,
zenplanner.com,,,
zeneesha.com,,,
alarmtechs.co.nz,,,
zenithclipping.com,,,
zenya.io,,,
zdscs.com,,,
zerozilla.com,,,
zesty.io,,,
zetaton.com,,,
zillione.com,,,
zimo.one,,,
zincwork.com,,,
zingit.com,,,
zionandzion.com,,,
zirilio.com,,,
zix.com,,,
zizbey.com,,,
webnms.com,,,
zoi.tech,,,
zoocha.com,,,
zorang.com,,,
zoxima.com,,,
zozimus.com,,,
zpesystems.com,,,
zuantechnologies.com,,,
zunesis.com,,,
zymphonies.com,,,
zynk.com,,,
zyston.com,,,
seaspro.com,,,
profitresources.com,,,
techgrapple.com,,,
omniinteractions.com,,,
lucentinnovation.com,,,
zielinskijerzy.com,,,
pingler.com,,,
digitalseotool.com,,,
superchat.com,,,
myhotelline.com,,,
escriba.de,,,
w3toolhub.com,,,
qalori.com,,,
echolon.de,,,
iso9001group.com,,,
twhc.com,,,
thinketl.com,,,
swiftywebagency.com,,,
yuktisolutions.com,,,
seo4uonly.com,,,
codegrade.com,,,
exoinc.com,,,
investinhamilton.ca,,,
rankbymonday.com,,,
wpdailythemes.com,,,
thisisplanb.com,,,
macgyvermarketing.com,,,
oxford-management.com,,,
brightpointinfotech.com,,,
gamebizconsulting.com,,,
mallow-tech.com,,,
mobinets.com,,,
lab.wallarm.com,,,
freshcodes.net,,,
worximity.com,,,
aerobusinesssolutions.com,,,
pagesmeter.com,,,
textflip.ai,,,
unifire.ai,,,
pdfzorro.com,,,
convergencedata.com,,,
laurarike.com,,,
musimackmarketing.com,,,
81social.com,,,
parsio.io,,,
jvrtsolutions.com,,,
i-converter.com,,,
turnaround.design,,,
pricepointpartners.com,,,
xplm.com,,,
midior.com,,,
workongrid.com,,,
labellapc.com,,,
instituteprojectmanagement.com,,,
remarketingbyelement.com,,,
seedrecruitment.com,,,
out-smarts.com,,,
moverlog.com,,,
recvue.com,,,
codelevate.com,,,
kanderconsult.com,,,
atginfo.com,,,
itradiant.com,,,
oraneconsulting.com,,,
saberpoint.com,,,
blancvpn.com,,,
somar.co.nz,,,
incfoxsolutions.com,,,
southerntesting.co.uk,,,
contento.io,,,
macaw.net,,,
marketingwithwisdom.com,,,
fiveline.ca,,,
rankmyhub.com,,,
sociallyinclined.com,,,
h-supertools.io,,,
cadvisionengineers.com,,,
g2techsoft.com,,,
plymouth.libguides.com,,,
qamind.com,,,
finleycms.com,,,
supplychaintoday.com,,,
orkestrascs.com,,,
mainepointe.com,,,
wgconsulting.com,,,
talentquest.com,,,
l-mobile.com,,,
woocommercify.com,,,
simonantony.net,,,
openurls.in,,,
lexiconn.in,,,
flowercitycommunications.com,,,
studionine13.com,,,
prishaproduction.com,,,
oki-toki.cloud,,,
theintellify.com,,,
abs-mena.com,,,
flowout.com,,,
chyrkov.studio,,,
mn-stud.io,,,
clcreative.co,,,
chaptertwocreative.com,,,
hwy29creative.com,,,
seostools.com,,,
brinzan.com,,,
getsignals.ai,,,
woolentor.com,,,
speed.wpfixit.com,,,
loebigink.com,,,
graticle.com,,,
xhtmljunkies.com,,,
webinane.com,,,
deskimo.com,,,
seotools.cm,,,
toolkitsuite.com,,,
seoshades.co.in,,,
ytloader.com,,,
capturevideoandmarketing.com,,,
autosubgen.com,,,
recast.studio,,,
exploridewebdesign.com,,,
agencyatlas.ca,,,
flickdevs.com,,,
team4solution.com,,,
rightcom.com,,,
softices.com,,,
actindo.com,,,
enernex.com,,,
hypeinsight.com,,,
shakebug.com,,,
smartinfosys.net,,,
quant.stackexchange.com,,,
mail.webtools24.com,,,
cselectricalandelectronics.com,,,
sourcecodester.com,,,
msbo.org,,,
equity.net,,,
aspioneer.com,,,
evolok.com,,,
setupshoponline.com,,,
aynimedia.com,,,
sgcms.com,,,
apmhconsulting.com,,,
normaltool.com,,,
fictos.com,,,
web-tools.hayaak.com,,,
wirelessmobility.com,,,
filmbaker.com,,,
codingnepalweb.com,,,
apmhelp.com,,,
htownrpm.com,,,
me-qr-scanner.com,,,
qr-code-reader.en.uptodown.com,,,
freewebclicks.com,,,
imageonline.co,,,
pdftoimage.com,,,
transtecgroup.net,,,
ding-tech.com,,,
ttgtranslates.com,,,
dataflowkit.com,,,
divsly.com,,,
roimaint.com,,,
plagaware.com,,,
plag.ai,,,
symetra.com,,,
createagile.com,,,
amazoncopywritingbros.com,,,
onecontentpro.com,,,
tridotstech.com,,,
insidenetwork.com,,,
apistack.io,,,
tava.cloud,,,
bill360.com,,,
getzlinq.com,,,
arvrjourney.com,,,
mitcagencies.com,,,
pdfmodify.com,,,
win10pdf.com,,,
integrove.com,,,
commerce-connections.com,,,
ntech.io,,,
gitana.io,,,
ecmarchitect.com,,,
contentseriously.co.uk,,,
swiftstructures.com,,,
creativeedc.com,,,
reslv.com,,,
subioplatform.com,,,
justinc.com,,,
sugarshot.io,,,
globaldataentryservices.com,,,
dal.ca.libguides.com,,,
scalesology.com,,,
1keydata.com,,,
querypie.com,,,
mailprosusa.com,,,
thesynapses.com,,,
airinfographics.com,,,
digitalmarketingcompanypk.com,,,
uassistme.com,,,
tidwit.com,,,
eiminstitute.org,,,
f4.co,,,
wardblawg.com,,,
atomicwork.com,,,
orderease.com,,,
conciliac.com,,,
campaigntocash.com,,,
digitechtual.com,,,
taylorannemoser.com,,,
fullcircledesign.org,,,
inclowdz.hipdf.com,,,
toolcent.com,,,
gifkit.com,,,
jpgtopdf.com,,,
madox.in,,,
tatemweb.com,,,
americanhometeamrealty.com,,,
rgbinternet.com,,,
onesourcehrsolutions.com,,,
divtable.com,,,
htmltables.io,,,
johnpatel.com,,,
jsvxc.com,,,
way2tutorial.com,,,
spectrum-research.com,,,
hey.theb2bmix.com,,,
exhaleconsulting.com,,,
lasalle.com,,,
cim-llc.com,,,
neoledge.com,,,
abcdoffice.com,,,
enolsoft.com,,,
geeksolutions.co,,,
webnixon.com,,,
washcolib.org,,,
vstech.com,,,
seomagnifier.net,,,
multichannelworks.com,,,
webstudio55.com,,,
evry1.us,,,
powerkit.rashidtoor.com,,,
fibertrain.net,,,
ibyteinfomatics.com,,,
amritsardigitalacademy.in,,,
openjournaltheme.com,,,
serverscan.com,,,
verypdf.com,,,
pdfhoney.com,,,
pdfix.net,,,
jinapdf.com,,,
urpdf.com,,,
smartpdf.org,,,
pdfzilla.com,,,
convertpdftoword.net,,,
enliteon.com,,,
facit.ai,,,
performancemarketers.com,,,
burgiss.com,,,
athletemonitoring.com,,,
phishinsight.trendmicro.com,,,
cyberhunt.ca,,,
risingphoenixseo.com,,,
rankedone.com,,,
photoeditingservicesco.com,,,
pixelblack.com,,,
pixelsphotoart.com,,,
photographrestoration1.com,,,
brians-gallery.com,,,
imagecleanup.com,,,
amerphotorestoration.com,,,
lovingmemoryprints.com,,,
industrialcolorlab.com,,,
duronstudio.com,,,
cphfun.com,,,
creativephotofl.com,,,
njcamera.com,,,
fdgweb.com,,,
neocoderztechnologies.com,,,
phphut.com,,,
webkeyindia.com,,,
ecgagency.com,,,
ghosttraders.co.za,,,
intraquotes.com,,,
albany.libanswers.com,,,
americanpublishingservices.com,,,
matchps.com,,,
snowrelic.com,,,
sparkle.consulting,,,
infuse.it,,,
thinkbridge.com,,,
extercloudinc.com,,,
luminisindia.com,,,
commitconsulting.com,,,
iti-global.com,,,
domainsi.com,,,
productspace.com,,,
processwall.com,,,
plm.gs,,,
sf.com,,,
studiocotton.co.uk,,,
wwwebdesignstudios.com,,,
impact4brands.com,,,
jatinderpalaha.com,,,
renowebdesigner.com,,,
marshall-stevens.com,,,
mpival.com,,,
oxfordvp.com,,,
itorizon.com,,,
salesplay.com,,,
indevsoftware.io,,,
nonprofitaccountingbasics.org,,,
shopgrok.com,,,
listinguish.com,,,
pricesearch.io,,,
shopgptpro.com,,,
solidsolutions.ie,,,
wits.com,,,
dnamic.ai,,,
ardensoftware.com,,,
uimother.com,,,
valuemanagementinc.com,,,
dgi.com,,,
ferolabs.com,,,
apperturesolutions.com,,,
integra2r.com,,,
fieldbox.ai,,,
scw.ai,,,
almfirst.com,,,
projects.dbinyc.com,,,
wireinnovation.com,,,
gpmg.com,,,
tandem-property.com,,,
unionrealestate.com,,,
guardianassetmgt.com,,,
xplorcommercial.com,,,
medicalasset.com,,,
thamesmc.com,,,
smseurope.co.uk,,,
xhtmlchamps.com,,,
haizdesign.com,,,
hetviksoftsolutions.com,,,
softsolvate.com,,,
qms-la.com,,,
qmssolutions.com,,,
coalesceideas.com,,,
calculatorwise.com,,,
pickrandom.com,,,
api.lrs.org,,,
toolsfairy.com,,,
randomplot.com,,,
ezcalc.me,,,
random-tools.com,,,
developerstar.com,,,
thefufufactory.com,,,
randomster.com,,,
randomgen.eu,,,
wordman.com,,,
cypherguide.com,,,
winpuzzles.com,,,
javascriptsource.com,,,
sakshamdesigns.com,,,
s3browser.com,,,
robloxden.com,,,
stadiumgaming.dev,,,
makersden.io,,,
reactjsindia.com,,,
pcgcompanies.com,,,
luckyattitude.co.uk,,,
superien.com,,,
systemsupport.com,,,
dragonflystr.com,,,
2080solutions.com.au,,,
slim.marketing,,,
wordscloud.in,,,
netdescribe.com,,,
winsights.io,,,
marketingheadcoach.com,,,
journy.io,,,
salestaxstates.com,,,
obspllc.com,,,
mcgtn.org,,,
abelian.us,,,
relayco.io,,,
itc-atlanta.com,,,
peacockcreative.net,,,
thingamawebs.com,,,
academy.moz.com,,,
bendyourmarketing.com,,,
quadrobits.com,,,
rankpast.com,,,
guestpostingsolution.com,,,
softlimit.com,,,
peardigital.co.uk,,,
goldenweb.net,,,
tauruscreative.us,,,
justcreateit.com.au,,,
marchburn.nyc,,,
arcticgrey.com,,,
qdlagency.com,,,
kiwee.eu,,,
cnelindia.com,,,
magmodules.eu,,,
code-mage.com,,,
ativaitsolutions.com,,,
ephonon.com,,,
boschservicesolutions.com,,,
otofacto.tech,,,
uniqueperiod.com,,,
gbdesigns.co,,,
starlit-digital.com,,,
breakwaterit.co.uk,,,
etymon.com.sg,,,
digikonsolutions.co.uk,,,
fingo.net,,,
adaptivestack.com,,,
covemountainsoftware.com,,,
vtech.one,,,
computerguidance.com,,,
forum8.com,,,
peclouds.com,,,
otological.com,,,
bdti.com,,,
tradeweb.net,,,
invictuspartners.io,,,
icterra.com,,,
genisysgroup.com,,,
s4nets.com,,,
view-page-source.com,,,
daulathussain.com,,,
coursewarestore.com,,,
gologica.com,,,
plot-generator.org.uk,,,
opoc.co.uk,,,
accu-build.com,,,
quickworksmrp.co.uk,,,
greatbrook.com,,,
firedogssc.com,,,
telecommandllc.com,,,
ariacallsandcards.com,,,
thefancytext.com,,,
gorillapdf.com,,,
pdf-editor-free.com,,,
xceptive.com,,,
warnerconnect.com,,,
inclusivetlc.com,,,
to-tapp.com,,,
twiteridfinder.com,,,
all-tools.ai,,,
fcdm.ie,,,
monstertoolskit.com,,,
toolzsource.com,,,
toolsconverters.xyz,,,
design-code.tips,,,
toolshubspot.com,,,
frankosweb.com,,,
toolfame.com,,,
html-to-pdf.net,,,
expertsinside.com,,,
fusetechnology.com,,,
digitaljunkies.co,,,
namecombiner.com,,,
myusernamegenerator.com,,,
inventiva.global,,,
mysteriousteam.com,,,
theabcgroupllc.com,,,
videocrypt.com,,,
ventunotech.com,,,
adeptdataservices.com,,,
digitalcollaborationtool.com,,,
kingdom.com,,,
prodad.com,,,
eventivemeetings.com,,,
iprovonline.com,,,
flatmonthlyfee.co,,,
granitemarketing.co.uk,,,
yoginee.com,,,
bloomweb.co,,,
gramdhani.com,,,
zangerdigital.com,,,
cybexsolutions.co,,,
saasadvice.webflow.io,,,
techvoot.com,,,
hummingsoulcreative.com,,,
oregonlane.com,,,
birchandbuddesign.com,,,
madewebsolutions.it,,,
restylemarketing.com,,,
fistix.com,,,
thrivedigitally.com,,,
grow.cheap,,,
libreqr.com,,,
qrko.eu,,,
qrbud.com,,,
qrcodegenerator.in,,,
macmillansearch.com,,,
greatinflux.com,,,
iseoreseller.com,,,
yeahcan.com,,,
whitelabelwebdesign.org,,,
montereypremier.com,,,
newskywebsites.com,,,
advirtis.com,,,
wildspiritdevelopment.com,,,
qodewire.com,,,
divikingdom.com,,,
dothewoo.io,,,
besyncly.com,,,
ciframe.com,,,
tinx-it.com,,,
dh42.com,,,
solomondesigns.co.uk,,,
mattvaden.com,,,
thefreeseotools.com,,,
webtoolstech.com,,,
smalltechtools.com,,,
ytsuite.blastersuite.com,,,
embed.tube,,,
embedista.com,,,
freesolutions.in,,,
tools.wpressall.com,,,
jotpro.us,,,
creative-ai-prompts.com,,,
keiwords.com,,,
chrisberkley.com,,,
99seotool.com,,,
kilimanjaro-consulting.com,,,
accountagility.co.nz,,,
acclaimgroup.co.nz,,,
biz-one-solutions.com,,,
businesshub.com.au,,,
sdworx.com,,,
your-story.agency,,,
theheadhunters.ca,,,
lcf.co.uk,,,
weboundmarketing.com,,,
500mail.com,,,
advertisersprinting.com,,,
aeccloud.com,,,
airdocs.io,,,
amzinfographic.com,,,
aphelia.co,,,
app.recrooit.com,,,
apponward.com,,,
appseconnect.com,,,
artikelschreiber.com,,,
atriina.com,,,
augmentedtechlabs.com,,,
belighted.com,,,
bgremover.media.io,,,
bilubah.com,,,
blendexpress.com,,,
brandconn.com,,,
bump.sh,,,
buzzmasters.ca,,,
cfoforrent.ca,,,
ciminelli.com,,,
codesm.marketing,,,
comtogether.com,,,
contentfactory.biz,,,
copyfactory.io,,,
crossasyst.com,,,
cwsio.com,,,
cyberadvisors.com,,,
d4h.com,,,
dam.aesirx.io,,,
denprotech.com,,,
digiarks.com,,,
digitalfolks.co,,,
dornerworks.com,,,
e-tabs.com,,,
ecommerceplatforms.io,,,
ecomservices.co.in,,,
edisonos.com,,,
essaysworld.net,,,
exemplary.ai,,,
fixipixi.com,,,
floik.com,,,
fried-partner.de,,,
futuristicwebdesigners.com,,,
generatebacklink.com,,,
go.resul.io,,,
hasthemes.com,,,
hcode.tech,,,
higher.digital,,,
honeynjam.com,,,
illacloud.com,,,
indproservices.com,,,
intelligencygroup.com,,,
iolap.com,,,
italentdigital.com,,,
ivedatadriven.com.au,,,
jessicathiefels.com,,,
jtsiindia.com,,,
kaweb.co.uk,,,
kenner-soft.com,,,
kjcontentmarketing.com,,,
ko.darktrace.com,,,
listingdesign.net,,,
logic-fruit.com,,,
lttpartners.com,,,
lucatagliaferro.com,,,
luminus.agency,,,
magonecpas.com,,,
marketingideasforprinters.com,,,
meetkinetic.com,,,
menwithpens.ca,,,
mida.so,,,
mintsd.com,,,
network.com.bd,,,
nibbleandpixel.com,,,
ordwaylabs.com,,,
oril.co,,,
phrasefix.com,,,
plmnordic.com,,,
poolmarketingsite.com,,,
predictspring.com,,,
primasolutions.co.uk,,,
prodigitude.com,,,
ptolemay.com,,,
qikserve.com,,,
ratherlabs.com,,,
recruiterhunt.com,,,
responsiveadvisors.com,,,
rittersprinting.com,,,
rootinfosol.com,,,
schemantra.com,,,
sellforte.com,,,
silvertech.com,,,
skandy.co,,,
smartlinks.ai,,,
stratusgrid.com,,,
stride.services,,,
summitdm.com,,,
sustainabledigital.com,,,
sweven.ae,,,
swiftspeed.app,,,
szentpalyllc.com,,,
tawinc.com,,,
tdnewworld.com,,,
technoyuga.com,,,
tempestadvertising.com,,,
tenspeed.io,,,
teqnovos.com,,,
tfe.agency,,,
thecontentpowerhouse.com,,,
thetalentpool.co.in,,,
thriftizer.com,,,
toolwatch.com,,,
try.cbo.io,,,
turnercostacpa.com,,,
uisort.com,,,
unifydots.com,,,
uraudits.com,,,
vigilante.marketing,,,
visasoutheasteurope.com,,,
visibility-agency.com,,,
vtnetzwelt.com,,,
watsoncreative.com,,,
webdesigncreators.com,,,
webdotneo.com,,,
wiki.process-symphony.com.au,,,
workclout.com,,,
wpallsupport.com,,,
zartech.net,,,
zentrades.pro,,,
movia.media,,,
automation.com,,,
ipage.com,,,
c-istudios.com,,,
contconcord.com,,,
dotcom-tools.com,,,
dresma.ai,,,
ipvm.com,,,
istqb.org,,,
saymine.com,,,
mobbeel.com,,,
optessa.com,,,
portt.com,,,
prcouture.com,,,
protopie.io,,,
providesupport.com,,,
rankinggrow.com,,,
rapidevelopers.com,,,
redseed.com,,,
serengetitech.com,,,
stratusgroup.com.au,,,
sydle.com,,,
trustedcomputinggroup.org,,,
wonsulting.ai,,,
z6consulting.com,,,
caaf-fcar.ca,,,
1kosmos.com,,,
pxl-vision.com,,,
prophaze.com,,,
zentao.pm,,,
axiom.ai,,,
salon-software.com,,,
hcmworks.com,,,
sagapixel.com,,,
emeet.com,,,
obsbot.com,,,
cdotrends.com,,,
mxtoolbox.com,,,
codeproject.com,,,
servicetarget.com,,,
elcomsoft.com,,,
phonecheck.com,,,
raritan.com,,,
cropin.com,,,
tckpublishing.com,,,
seclore.com,,,
cmtc.com,,,
convisoappsec.com,,,
arcweb.com,,,
wealthfront.com,,,
managewp.com,,,
contentmarketingworld.com,,,
trentonsystems.com,,,
vertdigital.com,,,
wellspring.com,,,
24slides.com,,,
graphicszoo.com,,,
predictableprofits.com,,,
zeek.org,,,
sedo.com,,,
raise.me,,,
encappture.com,,,
expresswriters.com,,,
massey.ac.nz,,,
webskitters.com,,,
prisma-ai.com,,,
modernretail.co,,,
alertenterprise.com,,,
sourceday.com,,,
360connect.com,,,
taxact.com,,,
restolabs.com,,,
icmi.com,,,
copilot.com,,,
tigerbond.com,,,
unicheck.com,,,
48hourprint.com,,,
zebrabi.com,,,
shippingsolutions.com,,,
aniview.com,,,
colormatics.com,,,
bluesnap.com,,,
leadsimple.com,,,
stytch.com,,,
pazcare.com,,,
fundly.com,,,
lablab.ai,,,
alpaca.markets,,,
edq.com,,,
wearecognitive.com,,,
riverlogic.com,,,
jitsi.org,,,
aacounty.org,,,
a1securitycameras.com,,,
sellyautomotive.com,,,
aaagameartstudio.com,,,
aacrao.org,,,
joindeleteme.com,,,
acerelocation.com,,,
adalo.com,,,
adlock.com,,,
adentro.com,,,
adikteev.com,,,
adogy.com,,,
https.in,,,
mastercard.ca,,,
aedsuperstore.com,,,
agilealliance.org,,,
agrivi.com,,,
alarmrelay.com,,,
alexanders.com,,,
allbound.com,,,
alphacard.com,,,
alstom.com,,,
altar.io,,,
amazinghiring.com,,,
ambient.ai,,,
ambitionbox.com,,,
aam-us.org,,,
americanmedspa.org,,,
ashe.org,,,
amica.com,,,
amitree.com,,,
amity.co,,,
amobee.com,,,
amplify.com,,,
anomali.com,,,
ansac-tech.com.sg,,,
apogeeresults.com,,,
appdevelopmentcost.com,,,
applauz.me,,,
appodeal.com,,,
appriver.com,,,
askearn.org,,,
aratek.co,,,
arimetrics.com,,,
artera.io,,,
asmag.com,,,
assisted.co.uk,,,
designcode.io,,,
audienceview.com,,,
aisltd.ie,,,
automox.com,,,
autoshopsolutions.com,,,
avery.com,,,
bfloral.com,,,
backbox.com,,,
balancedscorecard.org,,,
about.bankofamerica.com,,,
eventbrite.hk,,,
barebones.com,,,
baresquare.com,,,
bwdesigngroup.com,,,
bbbprograms.org,,,
beautylaunchpad.com,,,
bechtel.com,,,
bvp.com,,,
lively.com,,,
betanews.com,,,
betatesting.com,,,
betterment.com,,,
bher.ca,,,
bigpicture.one,,,
bilue.com.au,,,
biocatch.com,,,
fraud.org,,,
blacklinesafety.com,,,
blogvault.net,,,
blokpoint.com,,,
bluefort.com,,,
bankingaccenture.com,,,
bmscat.com,,,
boardable.com,,,
boardeffect.com,,,
bookinglive.com,,,
boxcast.com,,,
search.sunbiz.org,,,
brandfetch.com,,,
bremer.com,,,
brightpower.com,,,
brightvisionevents.co.uk,,,
brilliantdirectories.com,,,
budibase.com,,,
builder.io,,,
builderfly.com,,,
businer.com,,,
businesskitz.com.au,,,
businesswest.co.uk,,,
utu.fi,,,
usebutton.com,,,
buysellads.com,,,
bvm.co.uk,,,
bydrec.com,,,
cafebazaar.ir,,,
callminer.com,,,
elgaronline.com,,,
canny.io,,,
caprelo.com,,,
careerflow.ai,,,
careerminds.com,,,
wastetodaymagazine.com,,,
case.org,,,
cashify.in,,,
ccsfundraising.com,,,
cdn77.com,,,
cdyne.com,,,
celential.ai,,,
cenareo.com,,,
titangps.com,,,
cfp.net,,,
channelfutures.com,,,
chargebackhit.com,,,
charthop.com,,,
chinadivision.com,,,
cie-group.com,,,
citationbuilderpro.com,,,
cityfurniture.com,,,
cityofkeller.com,,,
romenewyork.com,,,
cityofnampa.us,,,
ciwebgroup.com,,,
clarkewillmott.com,,,
cleafy.com,,,
cleanroomtechnology.com,,,
cleanvibes.com,,,
cleanbrowsing.org,,,
clearme.com,,,
clearwordstranslations.com,,,
cledara.com,,,
cleer.tax,,,
clickatell.com,,,
clickmeeting.com,,,
closelyhq.com,,,
security.googlecom,,,
cmsmax.com,,,
mastercam.com,,,
cnil.fr,,,
cnvrg.io,,,
coastpay.com,,,
codacy.com,,,
coda.io,,,
codeandtheory.com,,,
codeclimate.com,,,
codebroker.com,,,
codeburst.io,,,
codeium.com,,,
codit.eu,,,
coinbureau.com,,,
collegerecruiter.com,,,
coloradolegalservices.org,,,
colourbox.com,,,
columnfivemedia.com,,,
comeet.com,,,
commercient.com,,,
commonapp.org,,,
competitiveanalytics.com,,,
traccsolution.com,,,
conemaugh.org,,,
flask.palletsprojects.com,,,
constellationr.com,,,
consumersenergy.com,,,
control4.com,,,
convosight.com,,,
cookielaw.org,,,
coresight.com,,,
cooleygo.com,,,
corporateeventsinc.net,,,
corporatemagic.com,,,
counterpointresearch.com,,,
countingup.com,,,
cmglocalsolutions.com,,,
resources.coyote.com,,,
craftly.ai,,,
cmasolutions.com,,,
credit-suisse.com,,,
fatfrogmedia.com,,,
crobox.com,,,
croptracker.com,,,
crossref.org,,,
sprigghr.com,,,
cscmp.org,,,
minebook.me,,,
currencyfair.com,,,
cyren.com,,,
dailypay.com,,,
darvideo.tv,,,
dashhudson.com,,,
datadecisionsgroup.com,,,
datadynamicsinc.com,,,
datahut.co,,,
dataweave.com,,,
digitalcomtech.com,,,
decisivefarming.com,,,
deconstructoroffun.com,,,
deepscribe.ai,,,
dcaa.mil,,,
defenseone.com,,,
demandmetric.com,,,
designingdigitally.com,,,
spatial.chat,,,
dexigner.com,,,
dgicommunications.com,,,
diffbot.com,,,
digisocial.com.bd,,,
digitalonboarding.com,,,
dinsmore.com,,,
directorist.com,,,
bikereg.com,,,
displays2go.com,,,
disruptive-technologies.com,,,
dividend.com,,,
dnb.no,,,
dodig.mil,,,
donotpay.com,,,
doublethedonation.com,,,
drmartens.com,,,
dscout.com,,,
dtu.dk,,,
dxo.com,,,
dynadot.com,,,
topworkplaces.com,,,
gdit.com,,,
ecommercegermany.com,,,
easyvista.com,,,
ecomena.org,,,
edencenter.com,,,
edmsauce.com,,,
escco.org,,,
videezy.com,,,
elblearning.com,,,
eleggible.com,,,
element451.com,,,
empirica.io,,,
emurgo.io,,,
csrwire.com,,,
eojohnson.com,,,
yourerc.com,,,
eshopbox.com,,,
esw.com,,,
espeo.eu,,,
finance.ec.europa.eu,,,
eulerian.com,,,
eventtitans.com,,,
exasol.com,,,
exchangewire.com,,,
exorint.com,,,
expandtheroom.com,,,
exportersindia.com,,,
exporthub.co,,,
bookextraordinary.com,,,
exxactcorp.com,,,
fadr.com,,,
fams.net,,,
fasb.org,,,
fastapi.tiangolo.com,,,
finaid.org,,,
feedback-analytics.com,,,
fepblue.org,,,
fetcher.ai,,,
filmsupply.com,,,
financial-planning.com,,,
findify.io,,,
firsthorizon.com,,,
flexpaymentsolutions.com,,,
flexis.com,,,
flowrite.com,,,
fonoa.com,,,
fontawesome.com,,,
fonvirtual.com,,,
fordfoundation.org,,,
forensicrestitution.com,,,
forj.ai,,,
forkliftaction.com,,,
franchisedirect.com,,,
freightquote.com,,,
frontendmasters.com,,,
fuellogic.net,,,
fuld.com,,,
functionly.com,,,
fusionauth.io,,,
goepel.com,,,
gsquaredcfo.com,,,
gamecloud-ltd.com,,,
gamemaker.io,,,
gamerant.com,,,
gamesindustry.biz,,,
kb.wpbakery.com,,,
genei.io,,,
generationim.com,,,
genielift.com,,,
genymotion.com,,,
pressrelease.com,,,
geotrust.com,,,
getbootstrap.com,,,
clear.co,,,
getorda.com,,,
getsubly.com,,,
gfi.com,,,
ghostery.com,,,
gifer.com,,,
gettrx.com,,,
glomacs.com,,,
gmfinancial.com,,,
sitecare.com,,,
skillshop.exceedlms.com,,,
getcarro.com,,,
gradesaver.com,,,
graybox.co,,,
visitraleigh.com,,,
scouting.org,,,
greyb.com,,,
groovecommerce.com,,,
partnerstack.com,,,
growcode.com,,,
growthplug.com,,,
growth-x.com,,,
growyourstaff.com,,,
gsbranding.com,,,
zoomowl.com,,,
gu.se,,,
gymcatch.com,,,
hackenproof.com,,,
hafele.com,,,
hallandpartners.com,,,
halock.com,,,
hamilton-ex.com,,,
handbid.com,,,
handwallet.com,,,
hanoverresearch.com,,,
hartehanks.com,,,
hartfordfunds.com,,,
harveyandhugo.com,,,
hawaiitourismauthority.org,,,
hughesandco.ca,,,
heartland.com,,,
heirloom.cloud,,,
helium-seo.com,,,
helloendless.com,,,
hellopixels.com,,,
heroku.com,,,
hhilifting.com,,,
hopebridge.com,,,
horizon3.ai,,,
hostbooks.com,,,
hotello.com,,,
fly2houston.com,,,
houstonisd.org,,,
howbrandsarebuilt.com,,,
humanfactors.com,,,
hypersonix.ai,,,
hypertecsp.com,,,
i7marketing.com,,,
ibtmworld.com,,,
icicipruamc.com,,,
iconfinder.com,,,
identityguard.com,,,
comsoc.org,,,
imageapi.com,,,
imageoneway.com,,,
thehungryjpeg.com,,,
nationalgridus.com,,,
improvado.io,,,
in-telecom.com,,,
indicative.com,,,
infrascale.com,,,
inkforall.com,,,
insart.com,,,
dmsiworks.com,,,
inspiringapps.com,,,
instant.so,,,
instatus.com,,,
ismworld.org,,,
instituteofcustomerservice.com,,,
intandemly.com,,,
intego.com,,,
integrated.finance,,,
ifebp.org,,,
intersoft-consulting.de,,,
intoxalock.com,,,
introhive.com,,,
investec.com,,,
dialogtech.com,,,
invoicecloud.net,,,
iotacommunications.com,,,
ireportsource.com,,,
irisvr.com,,,
islonline.com,,,
itsallgoodsinc.com,,,
jampp.com,,,
jazzteam.org,,,
jbsa.mil,,,
jetico.com,,,
